date,code,boards,score,buy_price,next_pct,is_limit_up,ret
2025-06-03,000989,1,82.0,9.35,10.05,True,10.05
2025-06-03,002250,1,82.0,10.12,7.51,False,7.51
2025-06-03,603076,1,82.0,33.0,10.0,True,10.0
2025-06-03,603879,1,82.0,5.94,9.93,True,9.93
2025-06-03,603518,1,82.0,11.44,6.73,False,6.73
2025-06-04,000826,1,79.5,2.42,-9.5,False,-9.5
2025-06-04,000888,1,79.5,15.18,-3.62,False,-3.62
2025-06-04,000889,1,79.5,2.97,10.1,True,10.1
2025-06-04,002290,1,79.5,34.09,0.47,False,0.47
2025-06-04,002956,1,79.5,24.31,-5.92,False,-5.92
2025-06-05,000665,1,79.5,5.5,4.36,False,4.36
2025-06-05,002104,1,79.5,10.56,4.36,False,4.36
2025-06-05,001309,1,79.5,122.87,-2.94,False,-2.94
2025-06-05,000701,1,79.5,6.05,10.08,True,10.08
2025-06-05,000695,1,79.5,17.05,-6.74,False,-6.74
2025-06-06,000599,1,74.5,5.61,1.6,False,1.6
2025-06-06,000603,1,74.5,15.4,2.79,False,2.79
2025-06-06,601212,1,74.5,3.19,-2.51,False,-2.51
2025-06-06,300765,1,74.5,63.0,-3.46,False,-3.46
2025-06-06,300584,1,74.5,34.32,19.64,True,19.64
2025-06-09,603011,1,79.5,18.7,-0.53,False,-0.53
2025-06-09,300804,1,79.5,56.7,-10.32,False,-10.32
2025-06-09,301287,1,79.5,48.6,13.17,False,13.17
2025-06-09,300340,1,79.5,15.72,19.97,True,19.97
2025-06-09,002250,1,79.5,14.08,5.11,False,5.11
2025-06-10,300886,1,74.5,35.4,-2.63,False,-2.63
2025-06-10,002300,1,74.5,6.82,1.61,False,1.61
2025-06-10,603019,1,74.5,68.09,2.16,False,2.16
2025-06-10,603065,1,74.5,9.9,1.31,False,1.31
2025-06-10,300485,1,74.5,12.78,2.9,False,2.9
2025-06-11,002615,1,79.5,8.47,10.04,True,10.04
2025-06-11,002779,1,79.5,75.67,2.39,False,2.39
2025-06-11,002645,1,79.5,10.01,-1.2,False,-1.2
2025-06-11,603917,1,79.5,14.41,-1.46,False,-1.46
2025-06-11,300745,1,79.5,20.46,4.55,False,4.55
2025-06-12,002755,1,79.5,19.03,-1.47,False,-1.47
2025-06-12,002235,1,79.5,6.27,10.05,True,10.05
2025-06-12,002164,1,79.5,9.79,-6.03,False,-6.03
2025-06-12,300640,1,79.5,8.52,-10.8,False,-10.8
2025-06-12,300949,1,79.5,52.8,-11.44,False,-11.44
2025-06-13,000554,1,79.5,7.15,10.07,True,10.07
2025-06-13,000881,1,79.5,8.58,2.68,False,2.68
2025-06-13,002393,1,79.5,22.11,1.58,False,1.58
2025-06-13,002550,1,79.5,10.23,-7.82,False,-7.82
2025-06-13,300962,1,79.5,18.54,2.37,False,2.37
2025-06-16,000766,1,79.5,27.61,-4.67,False,-4.67
2025-06-16,001236,1,79.5,11.0,0.82,False,0.82
2025-06-16,688203,1,79.5,15.54,-6.69,False,-6.69
2025-06-16,605198,1,79.5,54.56,-10.01,False,-10.01
2025-06-16,600259,1,79.5,61.38,-6.58,False,-6.58
2025-06-17,000777,1,74.5,21.78,7.25,False,7.25
2025-06-17,002391,1,74.5,6.6,-4.09,False,-4.09
2025-06-17,002930,1,74.5,11.66,-3.95,False,-3.95
2025-06-17,002173,1,74.4,12.64,-2.29,False,-2.29
2025-06-17,603579,1,74.4,23.74,1.98,False,1.98
2025-06-18,003040,1,74.5,20.02,5.94,False,5.94
2025-06-18,300767,1,74.5,12.78,-0.63,False,-0.63
2025-06-18,002365,1,74.5,28.27,-10.01,False,-10.01
2025-06-18,603123,1,74.5,13.2,-6.14,False,-6.14
2025-06-18,688775,1,74.5,204.22,-12.64,False,-12.64
2025-06-19,002514,1,74.5,6.16,-1.3,False,-1.3
2025-06-19,600714,1,74.5,14.3,-10.0,False,-10.0
2025-06-19,300483,1,74.5,13.38,10.99,False,10.99
2025-06-19,301182,1,74.3,37.18,-8.02,False,-8.02
2025-06-19,301292,1,74.1,19.6,20.0,True,20.0
2025-06-20,601908,1,74.5,3.3,0.3,False,0.3
2025-06-20,603161,1,74.5,12.98,1.93,False,1.93
2025-06-20,300589,1,74.5,15.12,-5.75,False,-5.75
2025-06-20,300340,1,74.5,20.64,-4.22,False,-4.22
2025-06-20,603120,1,74.5,40.81,1.64,False,1.64
2025-06-23,002104,1,79.5,16.17,5.63,False,5.63
2025-06-23,002365,1,79.5,29.59,0.1,False,0.1
2025-06-23,002213,1,79.5,19.14,0.84,False,0.84
2025-06-23,002824,1,79.5,16.28,3.5,False,3.5
2025-06-23,300591,1,79.5,7.02,-1.14,False,-1.14
2025-06-24,002281,1,79.5,47.19,1.1,False,1.1
2025-06-24,000903,1,79.5,4.51,1.77,False,1.77
2025-06-24,603657,1,79.5,36.4,-3.71,False,-3.71
2025-06-24,688353,1,79.5,31.02,4.74,False,4.74
2025-06-24,002227,1,79.5,13.09,0.0,False,0.0
2025-06-25,002108,1,79.5,3.74,9.89,True,9.89
2025-06-25,300046,1,79.5,41.88,2.44,False,2.44
2025-06-25,300803,1,79.5,78.72,4.17,False,4.17
2025-06-25,600816,1,79.5,2.97,-0.67,False,-0.67
2025-06-25,600318,1,79.5,9.9,0.61,False,0.61
2025-06-26,000607,1,74.5,4.51,-3.99,False,-3.99
2025-06-26,600113,1,74.5,27.83,2.91,False,2.91
2025-06-26,600734,1,74.5,4.29,-4.2,False,-4.2
2025-06-26,605128,1,74.5,30.91,-2.26,False,-2.26
2025-06-26,600241,1,74.5,8.8,10.0,True,10.0
2025-06-27,001359,1,74.5,33.11,5.35,False,5.35
2025-06-27,002882,1,74.5,37.4,5.61,False,5.61
2025-06-27,001317,1,74.5,46.41,-1.31,False,-1.31
2025-06-27,301024,1,74.5,47.88,20.01,True,20.01
2025-06-27,300536,1,74.5,9.96,-0.6,False,-0.6
2025-06-30,000519,1,82.0,21.89,3.7,False,3.7
2025-06-30,002189,1,82.0,30.8,2.34,False,2.34
2025-06-30,603444,1,82.0,301.95,6.14,False,6.14
2025-06-30,603123,1,82.0,17.05,-9.97,False,-9.97
2025-06-30,603125,1,82.0,17.6,10.0,True,10.0
2025-07-01,002080,1,79.5,21.45,-2.89,False,-2.89
2025-07-01,002729,1,79.5,15.4,3.12,False,3.12
2025-07-01,002845,1,79.5,15.73,-2.61,False,-2.61
2025-07-01,002235,1,79.5,11.66,-10.03,False,-10.03
2025-07-01,002669,1,79.5,12.76,10.03,True,10.03
2025-07-02,002286,1,74.5,12.87,-2.49,False,-2.49
2025-07-02,002623,1,74.5,17.16,10.02,True,10.02
2025-07-02,600467,1,74.5,2.53,-3.95,False,-3.95
2025-07-02,601890,1,74.5,11.33,-4.32,False,-4.32
2025-07-02,603811,1,74.5,10.45,10.05,True,10.05
2025-07-03,002213,1,74.5,20.02,-4.35,False,-4.35
2025-07-03,001267,1,74.5,10.89,-0.28,False,-0.28
2025-07-03,301176,1,74.5,32.64,5.94,False,5.94
2025-07-03,301306,1,74.5,56.7,0.44,False,0.44
2025-07-03,300436,1,74.5,42.78,20.01,True,20.01
2025-07-04,001210,1,69.5,15.18,6.19,False,6.19
2025-07-04,002755,1,69.5,18.04,-0.11,False,-0.11
2025-07-04,003036,1,69.5,16.72,-3.41,False,-3.41
2025-07-04,603601,1,69.5,5.06,2.96,False,2.96
2025-07-04,301389,1,69.5,31.92,1.54,False,1.54
2025-07-07,000014,1,79.5,12.43,-1.93,False,-1.93
2025-07-07,001896,1,79.5,5.39,3.71,False,3.71
2025-07-07,001268,1,79.5,27.94,-0.5,False,-0.5
2025-07-07,002951,1,79.5,14.3,10.0,True,10.0
2025-07-07,002735,1,79.5,15.84,-0.95,False,-0.95
2025-07-08,000607,1,79.5,4.95,10.1,True,10.1
2025-07-08,001390,1,79.5,24.97,-3.24,False,-3.24
2025-07-08,603002,1,79.5,7.59,-3.16,False,-3.16
2025-07-08,603185,1,79.5,16.39,7.08,False,7.08
2025-07-08,688202,1,79.5,45.3,13.36,False,13.36
2025-07-09,000892,1,74.5,5.17,10.06,True,10.06
2025-07-09,002212,1,74.5,8.47,3.07,False,3.07
2025-07-09,000989,1,74.5,11.0,6.0,False,6.0
2025-07-09,301378,1,74.5,35.52,-3.35,False,-3.35
2025-07-09,002269,1,74.5,2.09,-3.83,False,-3.83
2025-07-10,002468,1,74.5,12.1,4.63,False,4.63
2025-07-10,002506,1,74.5,2.86,2.8,False,2.8
2025-07-10,600233,1,74.5,13.97,-1.79,False,-1.79
2025-07-10,600113,1,74.5,31.68,-2.18,False,-2.18
2025-07-10,300996,1,74.5,19.08,9.8,False,9.8
2025-07-11,002645,1,74.5,10.45,10.05,True,10.05
2025-07-11,603955,1,74.5,33.99,-1.06,False,-1.06
2025-07-11,603325,1,74.5,98.88,4.98,False,4.98
2025-07-11,600864,1,74.5,6.82,-2.64,False,-2.64
2025-07-11,688656,1,74.5,156.47,-4.13,False,-4.13
2025-07-14,000678,1,74.5,16.72,-1.02,False,-1.02
2025-07-14,002028,1,74.5,76.99,7.26,False,7.26
2025-07-14,000880,1,74.5,37.84,9.99,True,9.99
2025-07-14,003040,1,74.5,27.17,10.01,True,10.01
2025-07-14,002940,1,74.5,42.13,-2.56,False,-2.56
2025-07-15,601512,1,74.5,8.25,10.06,True,10.06
2025-07-15,300378,1,74.5,46.02,-0.7,False,-0.7
2025-07-15,300502,1,74.5,157.08,8.1,False,8.1
2025-07-15,603045,1,74.4,19.46,-2.72,False,-2.72
2025-07-15,002938,1,74.4,43.43,-3.82,False,-3.82
2025-07-16,603266,1,79.5,20.35,2.95,False,2.95
2025-07-16,601279,1,79.5,4.29,10.02,True,10.02
2025-07-16,300950,1,79.5,35.4,-4.24,False,-4.24
2025-07-16,603798,1,79.5,12.1,1.49,False,1.49
2025-07-16,603809,1,79.5,16.28,0.74,False,0.74
2025-07-17,001359,1,74.5,42.24,5.11,False,5.11
2025-07-17,001339,1,74.5,54.34,2.41,False,2.41
2025-07-17,002246,1,74.5,16.17,10.02,True,10.02
2025-07-17,603106,1,74.5,11.55,-2.94,False,-2.94
2025-07-17,300830,1,74.5,11.52,-3.21,False,-3.21
2025-07-18,002240,1,74.5,14.41,-0.97,False,-0.97
2025-07-18,002757,1,74.5,20.02,-3.1,False,-3.1
2025-07-18,003007,1,74.5,34.31,-4.11,False,-4.11
2025-07-18,002940,1,74.5,49.6,10.0,True,10.0
2025-07-18,605118,1,74.5,31.13,6.33,False,6.33
2025-07-21,001359,1,84.5,48.84,4.42,False,4.42
2025-07-21,003002,1,84.5,28.6,10.0,True,10.0
2025-07-21,002827,1,84.5,42.45,10.01,True,10.01
2025-07-21,002457,1,84.5,12.76,3.68,False,3.68
2025-07-21,301038,1,84.5,19.32,19.98,True,19.98
2025-07-22,001283,1,74.5,74.89,-2.54,False,-2.54
2025-07-22,603879,1,74.5,7.7,-8.96,False,-8.96
2025-07-22,603969,1,74.5,9.13,-8.54,False,-8.54
2025-07-22,605183,1,74.5,19.8,-1.36,False,-1.36
2025-07-22,600826,1,74.5,15.29,-10.01,False,-10.01
2025-07-23,001277,1,69.5,46.2,2.81,False,2.81
2025-07-23,001226,1,69.5,35.53,9.99,True,9.99
2025-07-23,002771,1,69.5,17.71,0.96,False,0.96
2025-07-23,002639,1,69.5,11.44,6.21,False,6.21
2025-07-23,605158,1,69.5,9.57,3.55,False,3.55
2025-07-24,000712,1,79.5,14.85,-0.94,False,-0.94
2025-07-24,000735,1,79.5,7.04,-5.54,False,-5.54
2025-07-24,002826,1,79.5,20.9,10.0,True,10.0
2025-07-24,603176,1,79.5,7.04,9.94,True,9.94
2025-07-24,300086,1,79.5,7.56,0.66,False,0.66
2025-07-25,605259,1,74.5,26.07,3.87,False,3.87
2025-07-25,003005,1,74.5,23.43,-1.49,False,-1.49
2025-07-25,002942,1,74.5,19.25,10.03,True,10.03
2025-07-25,600895,1,74.5,30.58,2.29,False,2.29
2025-07-25,003007,1,74.4,39.36,10.01,True,10.01
2025-07-28,002012,1,79.5,5.83,-0.86,False,-0.86
2025-07-28,001216,1,79.5,15.4,10.0,True,10.0
2025-07-28,002281,1,79.5,52.58,-0.34,False,-0.34
2025-07-28,002205,1,79.5,14.63,-0.41,False,-0.41
2025-07-28,002653,1,79.5,53.02,-0.49,False,-0.49
2025-07-29,002774,1,74.5,11.11,-5.22,False,-5.22
2025-07-29,600581,1,74.5,4.07,10.07,True,10.07
2025-07-29,603773,1,74.5,28.27,-4.49,False,-4.49
2025-07-29,600570,1,74.4,37.82,-2.17,False,-2.17
2025-07-29,603456,1,74.4,19.68,-3.81,False,-3.81
2025-07-30,300732,1,74.5,10.62,7.91,False,7.91
2025-07-30,300877,1,74.5,30.6,-0.92,False,-0.92
2025-07-30,002675,1,74.5,17.6,-3.98,False,-3.98
2025-07-30,002343,1,74.5,8.58,-2.91,False,-2.91
2025-07-30,688189,1,74.5,14.28,20.03,True,20.03
2025-07-31,000811,1,74.5,12.76,-3.61,False,-3.61
2025-07-31,002424,1,74.5,5.94,9.93,True,9.93
2025-07-31,000889,1,74.5,3.85,-3.9,False,-3.9
2025-07-31,603256,1,74.5,23.54,9.98,True,9.98
2025-07-31,600774,1,74.5,11.33,9.97,True,9.97
2025-08-01,000558,1,74.5,7.37,-4.61,False,-4.61
2025-08-01,002811,1,74.5,11.66,5.32,False,5.32
2025-08-01,300858,1,74.5,20.4,11.08,False,11.08
2025-08-01,300500,1,74.5,16.08,-3.17,False,-3.17
2025-08-01,300486,1,74.5,14.16,19.99,True,19.99
2025-08-04,002484,1,79.5,26.18,0.8,False,0.8
2025-08-04,002980,1,79.5,23.87,3.02,False,3.02
2025-08-04,002026,1,79.5,13.53,-0.81,False,-0.81
2025-08-04,300696,1,79.5,30.12,6.81,False,6.81
2025-08-04,601606,1,79.5,38.83,9.99,True,9.99
2025-08-05,000901,1,79.5,14.63,9.98,True,9.98
2025-08-05,002275,1,79.5,17.38,-7.08,False,-7.08
2025-08-05,002022,1,79.5,7.7,-6.1,False,-6.1
2025-08-05,603400,1,79.5,60.5,4.13,False,4.13
2025-08-05,603179,1,79.5,46.2,4.87,False,4.87
2025-08-06,002434,1,79.5,8.69,-1.27,False,-1.27
2025-08-06,002331,1,79.5,8.91,3.82,False,3.82
2025-08-06,002896,1,79.5,94.38,9.1,False,9.1
2025-08-06,300885,1,79.5,28.86,6.76,False,6.76
2025-08-06,300600,1,79.5,20.7,8.02,False,8.02
2025-08-07,300322,1,74.5,26.1,4.41,False,4.41
2025-08-07,003010,1,74.5,53.79,-2.75,False,-2.75
2025-08-07,688110,1,74.5,73.2,0.83,False,0.83
2025-08-07,300671,1,74.5,40.2,-2.41,False,-2.41
2025-08-07,002901,1,74.4,57.4,2.35,False,2.35
2025-08-08,002664,1,79.5,24.42,-3.36,False,-3.36
2025-08-08,301112,1,79.5,51.24,-4.68,False,-4.68
2025-08-08,301048,1,79.5,13.56,11.58,False,11.58
2025-08-08,603773,1,79.5,31.13,5.62,False,5.62
2025-08-08,603538,1,79.5,26.07,10.01,True,10.01
2025-08-11,000590,1,79.5,13.09,-1.99,False,-1.99
2025-08-11,301022,1,79.5,47.82,3.51,False,3.51
2025-08-11,000880,1,79.5,46.41,-0.8,False,-0.8
2025-08-11,002008,1,79.5,33.88,2.6,False,2.6
2025-08-11,002890,1,79.5,15.73,-0.13,False,-0.13
2025-08-12,002104,1,74.5,22.33,9.99,True,9.99
2025-08-12,688584,1,74.5,22.86,14.52,False,14.52
2025-08-12,603023,1,74.5,4.62,3.03,False,3.03
2025-08-12,301486,1,74.5,91.97,2.81,False,2.81
2025-08-12,688256,1,74.5,848.88,1.31,False,1.31
2025-08-13,603767,1,82.0,35.09,-6.95,False,-6.95
2025-08-13,603516,1,82.0,102.3,6.05,False,6.05
2025-08-13,601702,1,82.0,18.26,-3.12,False,-3.12
2025-08-13,603031,1,82.0,32.67,0.55,False,0.55
2025-08-13,300290,1,82.0,22.92,-2.23,False,-2.23
2025-08-14,002871,1,74.5,12.87,9.09,False,9.09
2025-08-14,603280,1,74.5,59.4,-5.1,False,-5.1
2025-08-14,600678,1,74.5,10.56,2.18,False,2.18
2025-08-14,600775,1,74.4,13.41,4.85,False,4.85
2025-08-14,600410,1,74.4,17.81,5.56,False,5.56
2025-08-15,000501,1,82.0,12.1,-0.17,False,-0.17
2025-08-15,002518,1,82.0,28.82,6.42,False,6.42
2025-08-15,688648,1,82.0,75.71,1.7,False,1.7
2025-08-15,688448,1,82.0,56.04,15.97,False,15.97
2025-08-15,300803,1,82.0,109.87,14.64,False,14.64
2025-08-18,000561,1,82.0,15.84,-5.81,False,-5.81
2025-08-18,000796,1,82.0,5.28,2.27,False,2.27
2025-08-18,001298,1,82.0,34.42,1.92,False,1.92
2025-08-18,002017,1,82.0,34.87,-3.21,False,-3.21
2025-08-18,002326,1,82.0,15.4,2.47,False,2.47
2025-08-19,301321,1,79.5,19.32,-5.85,False,-5.85
2025-08-19,003019,1,79.5,39.59,-1.49,False,-1.49
2025-08-19,300328,1,79.5,16.98,7.54,False,7.54
2025-08-19,002397,1,79.5,3.96,0.25,False,0.25
2025-08-19,002445,1,79.5,2.64,-1.14,False,-1.14
2025-08-20,000650,1,82.0,6.38,10.03,True,10.03
2025-08-20,002066,1,82.0,14.63,-4.92,False,-4.92
2025-08-20,603909,1,82.0,11.33,-4.94,False,-4.94
2025-08-20,603800,1,82.0,53.34,-5.66,False,-5.66
2025-08-20,300893,1,82.0,31.98,6.16,False,6.16
2025-08-21,002278,1,74.5,11.44,-2.19,False,-2.19
2025-08-21,600962,1,74.5,23.65,1.31,False,1.31
2025-08-21,601929,1,74.5,3.96,-6.82,False,-6.82
2025-08-21,605008,1,74.5,15.95,-1.88,False,-1.88
2025-08-21,002369,1,74.5,10.56,4.07,False,4.07
2025-08-22,001317,1,79.5,51.48,0.12,False,0.12
2025-08-22,603227,1,79.5,9.79,2.76,False,2.76
2025-08-22,002290,1,79.5,32.89,7.42,False,7.42
2025-08-22,002568,1,79.5,28.27,0.85,False,0.85
2025-08-22,300113,1,79.5,27.24,5.36,False,5.36
2025-08-25,001212,1,82.0,61.49,-0.78,False,-0.78
2025-08-25,002830,1,82.0,19.14,-4.39,False,-4.39
2025-08-25,003013,1,82.0,16.28,-1.84,False,-1.84
2025-08-25,300748,1,82.0,36.36,2.86,False,2.86
2025-08-25,300503,1,82.0,33.54,-6.77,False,-6.77
2025-08-26,001296,1,79.5,22.99,10.0,True,10.0
2025-08-26,603158,1,79.5,15.07,2.32,False,2.32
2025-08-26,603177,1,79.5,10.89,10.01,True,10.01
2025-08-26,600725,1,79.5,3.74,-4.01,False,-4.01
2025-08-26,002158,1,79.5,25.74,-2.87,False,-2.87
2025-08-27,301488,1,74.5,96.11,20.0,True,20.0
2025-08-27,301389,1,74.5,60.48,20.01,True,20.01
2025-08-27,301183,1,74.5,96.23,15.38,False,15.38
2025-08-27,002778,1,74.5,20.68,-1.84,False,-1.84
2025-08-27,002380,1,74.5,29.92,-1.74,False,-1.74
2025-08-28,002384,1,79.5,60.94,8.34,False,8.34
2025-08-28,000831,1,79.5,53.02,10.0,True,10.0
2025-08-28,000599,1,79.5,5.5,4.0,False,4.0
2025-08-28,603773,1,79.5,34.32,4.9,False,4.9
2025-08-28,603800,1,79.5,49.72,-5.47,False,-5.47
2025-08-29,002048,1,79.5,27.28,0.84,False,0.84
2025-08-29,301326,1,79.5,128.22,-3.34,False,-3.34
2025-08-29,301357,1,79.5,182.16,-1.13,False,-1.13
2025-08-29,002989,1,79.5,33.22,5.36,False,5.36
2025-08-29,300972,1,79.5,211.8,-3.35,False,-3.35
2025-09-01,000676,1,84.5,12.76,-10.03,False,-10.03
2025-09-01,000813,1,84.5,4.18,-1.44,False,-1.44
2025-09-01,002173,1,84.5,25.19,-3.33,False,-3.33
2025-09-01,002028,1,84.5,96.36,-5.72,False,-5.72
2025-09-01,300950,1,84.5,35.94,-6.2,False,-6.2
2025-09-02,000407,1,74.5,4.07,-5.9,False,-5.9
2025-09-02,002021,1,74.5,2.64,9.85,True,9.85
2025-09-02,603179,1,74.5,55.33,1.21,False,1.21
2025-09-02,002679,1,74.5,10.78,-7.05,False,-7.05
2025-09-02,600724,1,74.5,5.28,-4.73,False,-4.73
2025-09-03,002067,1,74.5,4.62,9.96,True,9.96
2025-09-03,002158,1,74.5,26.62,-9.95,False,-9.95
2025-09-03,603163,1,74.5,44.77,-10.01,False,-10.01
2025-09-03,688411,1,74.5,148.08,5.89,False,5.89
2025-09-03,601869,1,74.5,91.06,-5.56,False,-5.56
2025-09-04,000524,1,74.5,15.73,4.77,False,4.77
2025-09-04,001296,1,74.5,26.4,0.87,False,0.87
2025-09-04,603536,1,74.5,10.78,-1.48,False,-1.48
2025-09-04,001206,1,74.4,26.72,5.91,False,5.91
2025-09-04,603696,1,74.4,13.19,-1.21,False,-1.21
2025-09-05,000962,1,84.5,22.55,4.97,False,4.97
2025-09-05,002364,1,84.5,25.19,6.11,False,6.11
2025-09-05,001309,1,84.5,95.57,0.16,False,0.16
2025-09-05,002046,1,84.5,34.1,0.41,False,0.41
2025-09-05,002335,1,84.5,55.0,-2.35,False,-2.35
2025-09-08,603613,1,82.0,31.57,1.2,False,1.2
2025-09-08,603159,1,82.0,24.09,-0.25,False,-0.25
2025-09-08,688613,1,82.0,25.8,3.06,False,3.06
2025-09-08,301538,1,82.0,91.08,-4.46,False,-4.46
2025-09-08,002516,1,82.0,6.27,-6.54,False,-6.54
2025-09-09,000810,1,79.5,14.08,-4.12,False,-4.12
2025-09-09,601116,1,79.5,13.42,9.99,True,9.99
2025-09-09,603163,1,79.5,46.2,10.0,True,10.0
2025-09-09,600988,1,79.5,30.8,-1.79,False,-1.79
2025-09-09,300528,1,79.5,25.74,13.83,False,13.83
2025-09-10,002053,1,74.5,14.74,-3.39,False,-3.39
2025-09-10,002975,1,74.5,61.6,1.75,False,1.75
2025-09-10,601138,1,74.5,53.67,10.01,True,10.01
2025-09-10,605099,1,74.5,36.07,-2.52,False,-2.52
2025-09-10,688388,1,74.5,34.2,2.05,False,2.05
2025-09-11,002463,1,82.0,69.83,2.96,False,2.96
2025-09-11,001202,1,82.0,16.72,9.99,True,9.99
2025-09-11,000988,1,82.0,72.27,6.67,False,6.67
2025-09-11,002475,1,82.0,52.9,-0.36,False,-0.36
2025-09-11,300004,1,82.0,12.72,-1.02,False,-1.02
2025-09-12,001309,1,79.5,109.78,7.41,False,7.41
2025-09-12,600977,1,79.5,19.25,10.03,True,10.03
2025-09-12,688521,1,79.5,183.6,-1.25,False,-1.25
2025-09-12,688627,1,79.5,134.05,-5.71,False,-5.71
2025-09-12,300697,1,79.5,18.18,-3.14,False,-3.14
2025-09-15,002055,1,79.5,8.69,-2.88,False,-2.88
2025-09-15,603090,1,79.5,47.73,-3.54,False,-3.54
2025-09-15,002082,1,79.5,11.33,2.56,False,2.56
2025-09-15,002290,1,79.5,38.72,1.91,False,1.91
2025-09-15,003033,1,79.5,50.82,3.54,False,3.54
2025-09-16,002249,1,79.5,10.34,5.42,False,5.42
2025-09-16,603516,1,79.5,154.0,8.12,False,8.12
2025-09-16,002472,1,79.5,44.76,8.24,False,8.24
2025-09-16,002530,1,79.5,12.87,2.1,False,2.1
2025-09-16,002172,1,79.5,4.73,-1.9,False,-1.9
2025-09-17,001283,1,79.5,88.22,-4.07,False,-4.07
2025-09-17,002796,1,79.5,20.79,-7.22,False,-7.22
2025-09-17,301013,1,79.5,24.36,19.99,True,19.99
2025-09-17,603040,1,79.5,70.4,-2.13,False,-2.13
2025-09-17,688279,1,79.5,263.52,3.98,False,3.98
2025-09-18,002768,1,74.5,52.47,-8.5,False,-8.5
2025-09-18,601869,1,74.5,109.65,10.0,True,10.0
2025-09-18,603186,1,74.5,43.44,-1.34,False,-1.34
2025-09-18,688205,1,74.5,140.4,9.69,False,9.69
2025-09-18,688629,1,74.5,106.21,-1.19,False,-1.19
2025-09-19,001309,1,74.5,141.01,10.0,True,10.0
2025-09-19,002097,1,74.5,15.84,5.05,False,5.05
2025-09-19,605068,1,74.5,34.87,-2.04,False,-2.04
2025-09-19,002785,1,74.5,31.24,1.34,False,1.34
2025-09-19,603863,1,74.5,23.87,0.04,False,0.04
2025-09-22,002065,1,79.5,11.33,7.41,False,7.41
2025-09-22,002276,1,79.5,20.57,0.0,False,0.0
2025-09-22,002298,1,79.5,10.89,4.68,False,4.68
2025-09-22,002980,1,79.5,25.74,0.51,False,0.51
2025-09-22,600857,1,79.5,14.74,4.27,False,4.27
2025-09-23,301421,1,74.5,129.6,-1.47,False,-1.47
2025-09-23,300604,1,74.5,80.27,20.0,True,20.0
2025-09-23,002130,1,74.5,31.35,1.4,False,1.4
2025-09-23,002040,1,74.5,10.89,10.01,True,10.01
2025-09-23,301629,1,74.5,225.85,12.46,False,12.46
2025-09-24,301148,1,82.0,30.06,1.6,False,1.6
2025-09-24,300666,1,82.0,98.82,1.3,False,1.3
2025-09-24,600060,1,82.0,24.97,0.64,False,0.64
2025-09-24,300270,1,82.0,10.8,7.13,False,7.13
2025-09-24,002156,1,82.0,37.72,2.86,False,2.86
2025-09-25,000988,1,74.5,97.68,-5.61,False,-5.61
2025-09-25,603286,1,74.5,46.42,-10.0,False,-10.0
2025-09-25,603312,1,74.4,50.67,-1.34,False,-1.34
2025-09-25,603040,1,74.4,85.22,5.49,False,5.49
2025-09-25,301137,1,74.4,36.31,2.53,False,2.53
2025-09-26,002765,1,74.5,15.73,-7.31,False,-7.31
2025-09-26,002346,1,74.5,19.14,-2.35,False,-2.35
2025-09-26,600370,1,74.5,2.2,-0.45,False,-0.45
2025-09-26,600748,1,74.5,4.95,-1.82,False,-1.82
2025-09-26,603090,1,74.5,59.94,-6.19,False,-6.19
2025-09-29,000629,1,79.5,3.08,-0.32,False,-0.32
2025-09-29,002125,1,79.5,15.07,0.86,False,0.86
2025-09-29,000985,1,79.5,19.91,-5.12,False,-5.12
2025-09-29,000981,1,79.5,3.85,10.13,True,10.13
2025-09-29,300368,1,79.5,19.08,0.16,False,0.16
2025-09-30,001301,1,79.5,83.71,1.54,False,1.54
2025-09-30,002082,1,79.5,11.99,1.83,False,1.83
2025-09-30,001309,1,79.5,204.69,1.66,False,1.66
2025-09-30,002645,1,79.5,16.06,2.68,False,2.68
2025-09-30,301308,1,79.5,178.03,4.59,False,4.59
2025-10-09,000426,1,82.0,36.18,0.33,False,0.33
2025-10-09,001332,1,82.0,71.27,-1.63,False,-1.63
2025-10-09,002184,1,82.0,15.51,-1.68,False,-1.68
2025-10-09,603993,1,82.0,17.27,-3.18,False,-3.18
2025-10-09,688122,1,82.0,78.11,-2.98,False,-2.98
2025-10-10,001206,1,79.5,34.32,1.54,False,1.54
2025-10-10,000753,1,79.5,7.92,-2.78,False,-2.78
2025-10-10,605169,1,79.5,16.06,4.42,False,4.42
2025-10-10,603156,1,79.5,34.42,-9.21,False,-9.21
2025-10-10,600167,1,79.5,9.35,-4.6,False,-4.6
2025-10-13,000045,1,79.5,14.85,9.43,False,9.43
2025-10-13,000980,1,79.5,3.96,-9.09,False,-9.09
2025-10-13,002811,1,79.5,13.64,0.37,False,0.37
2025-10-13,002645,1,79.5,17.27,-1.62,False,-1.62
2025-10-13,300779,1,79.5,170.88,3.23,False,3.23
2025-10-14,000890,1,69.5,5.28,-4.73,False,-4.73
2025-10-14,605055,1,69.5,10.78,2.41,False,2.41
2025-10-14,600403,1,69.5,4.95,10.1,True,10.1
2025-10-14,002017,1,69.4,25.28,0.36,False,0.36
2025-10-14,002171,1,69.4,11.32,2.12,False,2.12
2025-10-15,000572,1,79.5,6.49,10.02,True,10.02
2025-10-15,300611,1,79.5,34.02,-0.21,False,-0.21
2025-10-15,301365,1,79.5,23.7,-0.04,False,-0.04
2025-10-15,002779,1,79.5,131.98,1.53,False,1.53
2025-10-15,603232,1,79.5,16.39,-2.14,False,-2.14
2025-10-16,000014,1,74.5,22.33,5.37,False,5.37
2025-10-16,002054,1,74.5,7.7,-5.97,False,-5.97
2025-10-16,001309,1,74.5,196.46,-6.84,False,-6.84
2025-10-16,300588,1,74.5,25.5,8.67,False,8.67
2025-10-16,301563,1,74.5,152.68,8.72,False,8.72
2025-10-17,002767,1,74.5,20.68,10.01,True,10.01
2025-10-17,002552,1,74.5,18.7,-8.88,False,-8.88
2025-10-17,600231,1,74.5,2.42,-2.07,False,-2.07
2025-10-17,300389,1,74.5,20.1,-4.03,False,-4.03
2025-10-17,601956,1,74.5,8.14,1.97,False,1.97
2025-10-20,001228,1,82.0,26.18,4.39,False,4.39
2025-10-20,601608,1,82.0,6.27,10.05,True,10.05
2025-10-20,603703,1,82.0,12.1,-1.16,False,-1.16
2025-10-20,605580,1,82.0,30.03,9.99,True,9.99
2025-10-20,603115,1,82.0,19.47,-2.67,False,-2.67
2025-10-21,000016,1,82.0,5.5,-2.18,False,-2.18
2025-10-21,000061,1,82.0,9.02,-0.89,False,-0.89
2025-10-21,000637,1,82.0,4.73,9.94,True,9.94
2025-10-21,000620,1,82.0,1.98,10.1,True,10.1
2025-10-21,600783,1,82.0,15.51,-5.22,False,-5.22
2025-10-22,002337,1,74.5,6.38,10.03,True,10.03
2025-10-22,002370,1,74.5,7.7,-5.58,False,-5.58
2025-10-22,605255,1,74.5,92.18,3.68,False,3.68
2025-10-22,600370,1,74.5,2.31,-0.87,False,-0.87
2025-10-22,002957,1,74.5,22.44,-3.97,False,-3.97
2025-10-23,000962,1,79.5,29.48,-1.63,False,-1.63
2025-10-23,002290,1,79.5,43.0,-2.28,False,-2.28
2025-10-23,300528,1,79.5,23.46,-4.65,False,-4.65
2025-10-23,600758,1,79.5,4.73,-9.51,False,-9.51
2025-10-23,600593,1,79.5,48.61,-3.97,False,-3.97
2025-10-24,001309,1,79.5,216.92,10.0,True,10.0
2025-10-24,001389,1,79.5,78.41,4.31,False,4.31
2025-10-24,003009,1,79.5,52.69,4.23,False,4.23
2025-10-24,603179,1,79.5,73.59,2.12,False,2.12
2025-10-24,603685,1,79.5,21.12,2.08,False,2.08
2025-10-27,002545,1,79.5,15.73,7.25,False,7.25
2025-10-27,002571,1,79.5,8.25,2.06,False,2.06
2025-10-27,000962,1,79.5,31.9,8.15,False,8.15
2025-10-27,603228,1,79.5,70.17,10.0,True,10.0
2025-10-27,603699,1,79.5,48.95,6.44,False,6.44
2025-10-28,000905,1,79.5,11.44,-3.23,False,-3.23
2025-10-28,002181,1,79.5,10.01,-2.7,False,-2.7
2025-10-28,603301,1,79.5,80.95,6.71,False,6.71
2025-10-28,600897,1,79.5,17.6,-3.3,False,-3.3
2025-10-28,600506,1,79.5,24.64,-0.77,False,-0.77
2025-10-29,002016,1,74.5,6.6,-1.82,False,-1.82
2025-10-29,002163,1,74.5,11.99,0.5,False,0.5
2025-10-29,600595,1,74.5,6.93,2.31,False,2.31
2025-10-29,603516,1,74.5,178.2,-2.36,False,-2.36
2025-10-29,603739,1,74.5,15.51,-1.61,False,-1.61
2025-10-30,002314,1,74.5,3.19,-2.51,False,-2.51
2025-10-30,605060,1,74.5,32.34,-2.97,False,-2.97
2025-10-30,300745,1,74.5,29.82,-5.3,False,-5.3
2025-10-30,002759,1,74.4,28.04,9.99,True,9.99
2025-10-30,300438,1,74.4,48.59,2.96,False,2.96
2025-10-31,000572,1,79.5,6.6,10.0,True,10.0
2025-10-31,002653,1,79.5,56.65,-1.61,False,-1.61
2025-10-31,603185,1,79.5,29.48,8.89,False,8.89
2025-10-31,603697,1,79.5,12.98,0.08,False,0.08
2025-10-31,603929,1,79.5,42.46,10.01,True,10.01
2025-11-03,000838,1,79.5,3.08,1.3,False,1.3
2025-11-03,601929,1,79.5,4.07,10.07,True,10.07
2025-11-03,001266,1,79.5,33.65,-4.67,False,-4.67
2025-11-03,002611,1,79.5,20.9,2.2,False,2.2
2025-11-03,002492,1,79.5,9.35,-0.11,False,-0.11
2025-11-04,000593,1,74.5,10.23,-3.71,False,-3.71
2025-11-04,603530,1,74.5,44.32,10.0,True,10.0
2025-11-04,600593,1,74.5,62.14,-9.99,False,-9.99
2025-11-04,002752,1,74.5,6.38,-3.13,False,-3.13
2025-11-04,600802,1,74.5,7.81,1.41,False,1.41
2025-11-05,002320,1,79.5,15.4,-7.66,False,-7.66
2025-11-05,002434,1,79.5,9.68,0.93,False,0.93
2025-11-05,001209,1,79.5,21.78,10.01,True,10.01
2025-11-05,300669,1,79.5,36.78,-6.66,False,-6.66
2025-11-05,600885,1,79.5,33.55,1.64,False,1.64
2025-11-06,000838,1,79.5,3.52,-5.68,False,-5.68
2025-11-06,000559,1,79.5,13.86,-1.15,False,-1.15
2025-11-06,001309,1,79.5,247.14,8.04,False,8.04
2025-11-06,002518,1,79.5,48.73,9.99,True,9.99
2025-11-06,002562,1,79.5,7.81,-3.97,False,-3.97
2025-11-07,000572,1,74.5,9.9,2.53,False,2.53
2025-11-07,000803,1,74.5,7.59,0.79,False,0.79
2025-11-07,600179,1,74.5,4.62,-2.16,False,-2.16
2025-11-07,600691,1,74.5,3.3,7.27,False,7.27
2025-11-07,002407,1,74.4,32.1,2.62,False,2.62
2025-11-10,688353,1,82.0,93.0,2.88,False,2.88
2025-11-10,603429,1,82.0,10.34,-0.29,False,-0.29
2025-11-10,603536,1,82.0,14.08,-1.56,False,-1.56
2025-11-10,002654,1,82.0,17.16,-1.81,False,-1.81
2025-11-10,002940,1,82.0,41.47,2.82,False,2.82
2025-11-11,000008,1,79.5,3.3,0.0,False,0.0
2025-11-11,000619,1,79.5,7.15,10.07,True,10.07
2025-11-11,002676,1,79.5,9.68,2.17,False,2.17
2025-11-11,002728,1,79.5,12.76,5.09,False,5.09
2025-11-11,002718,1,79.5,29.26,1.54,False,1.54
2025-11-12,000593,1,79.5,11.44,-8.22,False,-8.22
2025-11-12,002490,1,79.5,8.03,5.23,False,5.23
2025-11-12,300318,1,79.5,7.2,13.47,False,13.47
2025-11-12,002864,1,79.5,35.64,9.99,True,9.99
2025-11-12,600682,1,79.5,8.58,4.66,False,4.66
2025-11-13,000633,1,82.0,7.48,10.03,True,10.03
2025-11-13,603948,1,82.0,30.91,10.0,True,10.0
2025-11-13,603978,1,82.0,38.61,-6.45,False,-6.45
2025-11-13,603132,1,82.0,15.07,-2.99,False,-2.99
2025-11-13,600711,1,82.0,12.21,2.21,False,2.21
2025-11-14,002855,1,79.5,19.47,-3.75,False,-3.75
2025-11-14,002250,1,79.5,15.4,-2.6,False,-2.6
2025-11-14,300560,1,79.5,18.78,20.02,True,20.02
2025-11-14,300086,1,79.5,10.62,4.61,False,4.61
2025-11-14,301201,1,79.5,49.2,0.77,False,0.77
2025-11-17,000036,1,79.5,5.28,-3.41,False,-3.41
2025-11-17,002795,1,79.5,6.71,-4.92,False,-4.92
2025-11-17,002738,1,79.5,69.08,-1.27,False,-1.27
2025-11-17,002218,1,79.5,5.06,-10.08,False,-10.08
2025-11-17,000973,1,79.5,13.75,-8.29,False,-8.29
2025-11-18,001225,1,74.5,58.41,0.92,False,0.92
2025-11-18,300078,1,74.5,4.5,7.78,False,7.78
2025-11-18,605389,1,74.5,67.76,0.5,False,0.5
2025-11-18,600319,1,74.5,9.79,10.01,True,10.01
2025-11-18,603163,1,74.5,46.75,0.92,False,0.92
2025-11-19,000663,1,74.5,8.91,9.99,True,9.99
2025-11-19,603216,1,74.5,17.27,10.02,True,10.02
2025-11-19,600685,1,74.5,28.93,-2.39,False,-2.39
2025-11-19,603129,1,74.5,253.73,-0.29,False,-0.29
2025-11-19,301256,1,74.5,13.74,6.55,False,6.55
2025-11-20,000566,1,74.5,7.92,5.81,False,5.81
2025-11-20,002141,1,74.5,4.07,-3.69,False,-3.69
2025-11-20,603898,1,74.5,13.97,10.02,True,10.02
2025-11-20,300814,1,74.5,75.78,-1.72,False,-1.72
2025-11-20,603122,1,74.5,26.18,-10.01,False,-10.01
2025-11-21,000070,1,69.5,10.45,10.05,True,10.05
2025-11-21,002084,1,69.5,4.4,2.27,False,2.27
2025-11-21,001216,1,69.5,22.44,-9.98,False,-9.98
2025-11-21,688227,1,69.5,49.02,19.99,True,19.99
2025-11-21,603280,1,69.5,40.15,10.01,True,10.01
2025-11-24,000505,1,79.5,8.91,1.23,False,1.23
2025-11-24,000547,1,79.5,13.64,3.37,False,3.37
2025-11-24,002153,1,79.5,11.44,7.52,False,7.52
2025-11-24,002977,1,79.5,38.28,1.78,False,1.78
2025-11-24,003009,1,79.5,55.1,0.64,False,0.64
2025-11-25,000756,1,82.0,17.16,5.77,False,5.77
2025-11-25,600828,1,82.0,4.62,9.96,True,9.96
2025-11-25,688048,1,82.0,89.29,20.0,True,20.0
2025-11-25,003041,1,82.0,59.84,-1.37,False,-1.37
2025-11-25,300437,1,82.0,18.66,1.77,False,1.77
2025-11-26,000039,1,79.5,9.35,-4.71,False,-4.71
2025-11-26,002510,1,79.5,7.04,-3.27,False,-3.27
2025-11-26,002153,1,79.5,13.53,-9.98,False,-9.98
2025-11-26,002589,1,79.5,3.19,-2.82,False,-2.82
2025-11-26,600835,1,79.5,33.0,-7.3,False,-7.3
2025-11-27,300490,1,74.5,13.02,7.45,False,7.45
2025-11-27,301292,1,74.5,75.13,7.31,False,7.31
2025-11-27,603353,1,74.5,30.03,9.99,True,9.99
2025-11-27,603931,1,74.5,34.76,-1.55,False,-1.55
2025-11-27,600152,1,74.5,7.92,-3.28,False,-3.28
2025-11-28,002565,1,79.5,8.03,9.96,True,9.96
2025-11-28,002544,1,79.5,28.05,4.63,False,4.63
2025-11-28,002353,1,79.5,56.43,9.99,True,9.99
2025-11-28,000695,1,79.5,19.25,-9.92,False,-9.92
2025-11-28,688523,1,79.5,38.04,10.09,False,10.09
2025-12-01,002114,1,79.5,9.02,-2.11,False,-2.11
2025-12-01,002611,1,79.5,20.24,-4.5,False,-4.5
2025-12-01,000063,1,79.5,46.3,-1.73,False,-1.73
2025-12-01,002108,1,79.5,5.17,1.16,False,1.16
2025-12-01,300223,1,79.5,95.28,-3.83,False,-3.83
2025-12-02,603216,1,74.5,33.66,-10.01,False,-10.01
2025-12-02,301191,1,74.5,112.2,-4.03,False,-4.03
2025-12-02,301136,1,74.5,19.92,10.54,False,10.54
2025-12-02,002686,1,74.5,7.37,10.04,True,10.04
2025-12-02,000812,1,74.5,5.28,1.89,False,1.89
2025-12-03,000571,1,74.5,6.49,-3.39,False,-3.39
2025-12-03,603711,1,74.5,15.73,-2.23,False,-2.23
2025-12-03,603353,1,74.5,35.63,-1.21,False,-1.21
2025-12-03,002913,1,74.5,37.73,2.97,False,2.97
2025-12-03,002671,1,74.5,5.83,1.89,False,1.89
2025-12-04,002107,1,69.5,7.15,-4.76,False,-4.76
2025-12-04,300250,1,69.5,31.86,-7.22,False,-7.22
2025-12-04,603933,1,69.5,28.71,3.13,False,3.13
2025-12-04,605299,1,69.5,11.77,10.03,True,10.03
2025-12-04,600118,1,69.5,45.97,5.09,False,5.09
2025-12-05,000547,1,79.5,20.57,6.95,False,6.95
2025-12-05,300427,1,79.5,10.56,19.98,True,19.98
2025-12-05,301486,1,79.5,91.85,20.0,True,20.0
2025-12-05,000859,1,79.5,9.13,1.86,False,1.86
2025-12-05,000901,1,79.5,21.23,9.99,True,9.99
2025-12-08,001330,1,74.5,9.68,10.02,True,10.02
2025-12-08,001309,1,74.5,222.42,0.13,False,0.13
2025-12-08,603680,1,74.5,11.77,1.36,False,1.36
2025-12-08,688800,1,74.5,86.77,3.49,False,3.49
2025-12-08,605168,1,74.5,33.44,3.14,False,3.14
2025-12-09,688205,1,74.5,165.02,4.78,False,4.78
2025-12-09,600855,1,74.5,20.46,-5.28,False,-5.28
2025-12-09,300959,1,74.5,138.0,-5.35,False,-5.35
2025-12-09,002346,1,74.5,18.7,6.26,False,6.26
2025-12-09,002301,1,74.5,8.58,-4.43,False,-4.43
2025-12-10,000070,1,74.5,14.85,-9.97,False,-9.97
2025-12-10,000572,1,74.5,10.01,-4.8,False,-4.8
2025-12-10,000678,1,74.5,15.51,-2.64,False,-2.64
2025-12-10,601869,1,74.5,98.43,2.89,False,2.89
2025-12-10,002163,1,74.5,17.27,-3.42,False,-3.42
2025-12-11,001208,1,69.5,14.85,10.03,True,10.03
2025-12-11,600936,1,69.5,3.74,9.89,True,9.89
2025-12-11,688662,1,69.4,55.19,6.9,False,6.9
2025-12-11,600343,1,69.3,36.47,10.01,True,10.01
2025-12-11,002471,1,69.2,4.83,9.94,True,9.94
2025-12-12,000534,1,79.5,24.31,1.69,False,1.69
2025-12-12,002149,1,79.5,28.93,4.29,False,4.29
2025-12-12,001296,1,79.5,28.38,-1.52,False,-1.52
2025-12-12,000720,1,79.5,3.74,-2.41,False,-2.41
2025-12-12,600990,1,79.5,31.13,-2.35,False,-2.35
2025-12-15,002053,1,74.5,12.21,-3.52,False,-3.52
2025-12-15,600693,1,74.5,16.39,7.32,False,7.32
2025-12-15,600399,1,74.5,5.72,-3.85,False,-3.85
2025-12-15,600271,1,74.5,9.68,10.02,True,10.02
2025-12-15,300423,1,74.5,10.26,-6.63,False,-6.63
2025-12-16,002766,1,69.5,5.28,3.41,False,3.41
2025-12-16,600280,1,69.5,4.62,-8.01,False,-8.01
2025-12-16,600198,1,69.5,9.46,-3.59,False,-3.59
2025-12-16,605222,1,69.5,19.14,-3.61,False,-3.61
2025-12-16,603023,1,69.5,5.17,-7.35,False,-7.35
2025-12-17,002837,1,74.5,92.95,1.29,False,1.29
2025-12-17,601869,1,74.5,98.23,10.0,True,10.0
2025-12-17,605365,1,74.5,22.0,10.0,True,10.0
2025-12-17,603703,1,74.5,14.08,10.01,True,10.01
2025-12-17,688228,1,74.5,223.2,0.45,False,0.45
2025-12-18,002338,1,74.5,57.2,-0.21,False,-0.21
2025-12-18,301408,1,74.5,21.84,5.72,False,5.72
2025-12-18,002614,1,74.5,7.7,1.82,False,1.82
2025-12-18,603803,1,74.5,11.77,-1.87,False,-1.87
2025-12-18,605318,1,74.5,60.27,10.0,True,10.0
2025-12-19,603757,1,79.5,47.29,1.61,False,1.61
2025-12-19,000546,1,79.5,7.48,4.14,False,4.14
2025-12-19,603031,1,79.5,42.9,2.4,False,2.4
2025-12-19,600108,1,79.5,3.3,1.21,False,1.21
2025-12-19,603069,1,79.4,23.86,10.02,True,10.02
2025-12-22,002169,1,82.0,9.57,4.81,False,4.81
2025-12-22,002175,1,82.0,4.73,0.21,False,0.21
2025-12-22,601869,1,82.0,127.05,-0.77,False,-0.77
2025-12-22,605167,1,82.0,12.65,10.04,True,10.04
2025-12-22,688668,1,82.0,118.92,5.21,False,5.21
2025-12-23,000859,1,74.5,10.56,-0.47,False,-0.47
2025-12-23,000759,1,74.5,8.91,-1.35,False,-1.35
2025-12-23,002201,1,74.5,9.35,10.05,True,10.05
2025-12-23,300990,1,74.5,93.0,3.6,False,3.6
2025-12-23,301123,1,74.5,72.53,2.03,False,2.03
2025-12-24,300131,1,79.5,14.82,0.74,False,0.74
2025-12-24,002951,1,79.5,15.29,10.01,True,10.01
2025-12-24,301005,1,79.5,112.44,20.0,True,20.0
2025-12-24,002166,1,79.5,9.57,-1.46,False,-1.46
2025-12-24,002134,1,79.5,25.52,3.84,False,3.84
2025-12-25,002082,1,79.5,13.42,2.09,False,2.09
2025-12-25,001360,1,79.5,23.76,-3.66,False,-3.66
2025-12-25,001400,1,79.5,74.56,2.76,False,2.76
2025-12-25,002009,1,79.5,17.6,10.0,True,10.0
2025-12-25,001212,1,79.5,54.23,-2.27,False,-2.27
2025-12-26,000036,1,79.5,7.81,-9.99,False,-9.99
2025-12-26,000547,1,79.5,28.16,10.01,True,10.01
2025-12-26,600576,1,79.5,6.6,-3.18,False,-3.18
2025-12-26,001309,1,79.5,239.0,0.74,False,0.74
2025-12-26,002571,1,79.5,10.56,10.04,True,10.04
2025-12-29,301225,1,79.5,139.09,11.95,False,11.95
2025-12-29,300751,1,79.5,205.32,-6.44,False,-6.44
2025-12-29,300582,1,79.5,17.76,-8.22,False,-8.22
2025-12-29,605086,1,79.5,42.24,9.99,True,9.99
2025-12-29,605123,1,79.5,110.55,-7.73,False,-7.73
2025-12-30,603009,1,74.5,48.4,-0.5,False,-0.5
2025-12-30,603119,1,74.5,117.81,-1.82,False,-1.82
2025-12-30,600552,1,74.5,12.43,-0.24,False,-0.24
2025-12-30,300840,1,74.5,19.56,4.55,False,4.55
2025-12-30,002342,1,74.5,8.58,7.23,False,7.23
2025-12-31,002151,1,74.5,45.43,9.99,True,9.99
2025-12-31,002766,1,74.5,6.05,10.08,True,10.08
2025-12-31,300058,1,74.5,11.52,19.97,True,19.97
2025-12-31,603130,1,74.5,56.65,-3.71,False,-3.71
2025-12-31,301153,1,74.5,24.72,6.59,False,6.59
2026-01-05,000426,1,87.0,39.16,2.89,False,2.89
2026-01-05,001333,1,87.0,23.65,-3.64,False,-3.64
2026-01-05,688580,1,87.0,58.08,20.01,True,20.01
2026-01-05,688626,1,87.0,72.6,20.0,True,20.0
2026-01-05,688039,1,87.0,53.7,2.4,False,2.4
2026-01-06,002383,1,84.5,13.42,5.22,False,5.22
2026-01-06,001400,1,84.5,85.34,10.0,True,10.0
2026-01-06,603698,1,84.5,42.24,-4.85,False,-4.85
2026-01-06,600459,1,84.5,21.12,0.0,False,0.0
2026-01-06,300837,1,84.5,41.16,-0.36,False,-0.36
2026-01-07,688759,1,79.5,41.4,20.0,True,20.0
2026-01-07,301213,1,79.5,82.86,1.38,False,1.38
2026-01-07,600053,1,79.5,21.56,-3.15,False,-3.15
2026-01-07,003031,1,79.5,80.63,-6.11,False,-6.11
2026-01-07,002864,1,79.5,34.87,-1.58,False,-1.58
2026-01-08,000901,1,82.0,30.25,6.45,False,6.45
2026-01-08,688552,1,82.0,45.0,-0.22,False,-0.22
2026-01-08,605123,1,82.0,113.74,5.24,False,5.24
2026-01-08,605116,1,82.0,28.27,8.56,False,8.56
2026-01-08,300065,1,82.0,22.5,2.36,False,2.36
2026-01-09,000969,1,84.5,25.19,10.0,True,10.0
2026-01-09,002017,1,84.5,25.19,10.0,True,10.0
2026-01-09,002296,1,84.5,12.43,5.47,False,5.47
2026-01-09,002512,1,84.5,6.93,9.96,True,9.96
2026-01-09,002431,1,84.5,2.75,4.73,False,4.73
2026-01-12,000612,1,87.0,13.31,-2.55,False,-2.55
2026-01-12,002413,1,87.0,20.13,-9.99,False,-9.99
2026-01-12,001225,1,87.0,80.95,-3.63,False,-3.63
2026-01-12,002465,1,87.0,22.0,10.0,True,10.0
2026-01-12,002792,1,87.0,66.86,4.65,False,4.65
2026-01-13,300842,1,74.5,72.13,11.81,False,11.81
2026-01-13,002207,1,74.5,9.02,2.88,False,2.88
2026-01-13,603682,1,74.5,7.59,-3.56,False,-3.56
2026-01-13,301230,1,74.5,56.64,16.1,False,16.1
2026-01-13,600721,1,74.5,10.45,-4.5,False,-4.5
2026-01-14,000591,1,84.5,5.06,0.59,False,0.59
2026-01-14,002290,1,84.5,59.17,-0.1,False,-0.1
2026-01-14,002181,1,84.5,11.55,-5.19,False,-5.19
2026-01-14,002353,1,84.5,84.14,-3.85,False,-3.85
2026-01-14,300785,1,84.5,83.89,-20.0,False,-20.0
2026-01-15,001212,1,79.5,53.24,0.08,False,0.08
2026-01-15,001337,1,79.5,34.64,-1.18,False,-1.18
2026-01-15,002636,1,79.5,18.04,2.66,False,2.66
2026-01-15,002842,1,79.5,19.14,0.84,False,0.84
2026-01-15,301629,1,79.5,331.56,3.39,False,3.39
2026-01-16,002196,1,79.5,15.73,5.09,False,5.09
2026-01-16,002156,1,79.5,46.86,2.84,False,2.84
2026-01-16,002028,1,79.5,185.9,10.0,True,10.0
2026-01-16,001233,1,79.5,76.78,9.48,False,9.48
2026-01-16,002943,1,79.5,59.62,3.69,False,3.69
2026-01-19,001331,1,84.5,54.78,2.04,False,2.04
2026-01-19,000987,1,84.5,10.34,1.74,False,1.74
2026-01-19,000738,1,84.5,23.54,4.16,False,4.16
2026-01-19,002163,1,84.5,18.59,-6.29,False,-6.29
2026-01-19,601126,1,84.5,39.16,1.71,False,1.71
2026-01-20,002809,1,74.5,12.1,10.0,True,10.0
2026-01-20,002810,1,74.5,17.49,-1.66,False,-1.66
2026-01-20,603421,1,74.5,7.92,-3.66,False,-3.66
2026-01-20,600539,1,74.4,11.54,-2.95,False,-2.95
2026-01-20,000048,1,74.4,16.82,9.99,True,9.99
2026-01-21,000045,1,82.0,13.64,-2.64,False,-2.64
2026-01-21,000066,1,82.0,17.82,9.43,False,9.43
2026-01-21,000657,1,82.0,41.68,1.99,False,1.99
2026-01-21,000880,1,82.0,33.43,9.99,True,9.99
2026-01-21,002290,1,82.0,64.02,0.17,False,0.17
2026-01-22,001316,1,82.0,48.18,10.0,True,10.0
2026-01-22,001373,1,82.0,43.11,2.88,False,2.88
2026-01-22,000839,1,82.0,2.97,-2.69,False,-2.69
2026-01-22,603220,1,82.0,25.3,0.28,False,0.28
2026-01-22,300737,1,82.0,6.96,-2.3,False,-2.3
2026-01-23,000565,1,84.5,8.8,-1.48,False,-1.48
2026-01-23,000592,1,84.5,10.78,-9.93,False,-9.93
2026-01-23,000751,1,84.5,5.72,9.97,True,9.97
2026-01-23,002667,1,84.5,17.6,10.0,True,10.0
2026-01-23,002780,1,84.5,16.72,-9.93,False,-9.93
2026-01-26,001277,1,82.0,46.31,-6.8,False,-6.8
2026-01-26,301207,1,82.0,23.34,11.61,False,11.61
2026-01-26,600489,1,82.0,33.0,3.88,False,3.88
2026-01-26,600789,1,82.0,10.23,0.88,False,0.88
2026-01-26,600759,1,82.0,4.84,-2.89,False,-2.89
2026-01-27,002115,1,74.5,15.73,-2.03,False,-2.03
2026-01-27,002119,1,74.5,24.75,10.02,True,10.02
2026-01-27,688702,1,74.5,162.53,-5.46,False,-5.46
2026-01-27,603052,1,74.5,56.43,9.99,True,9.99
2026-01-27,603061,1,74.5,279.4,7.19,False,7.19
2026-01-28,000060,1,82.0,8.58,-0.35,False,-0.35
2026-01-28,000737,1,82.0,18.7,10.0,True,10.0
2026-01-28,600740,1,82.0,4.4,7.95,False,7.95
2026-01-28,600759,1,82.0,5.17,10.06,True,10.06
2026-01-28,601702,1,82.0,26.07,6.75,False,6.75
2026-01-29,000596,1,82.0,138.58,-4.66,False,-4.66
2026-01-29,000607,1,82.0,5.28,-2.84,False,-2.84
2026-01-29,000858,1,82.0,110.77,-5.21,False,-5.21
2026-01-29,600059,1,82.0,10.89,-6.34,False,-6.34
2026-01-29,300191,1,82.0,35.94,-12.83,False,-12.83
2026-01-30,000798,1,74.5,11.55,-2.68,False,-2.68
2026-01-30,002009,1,74.5,28.38,4.76,False,4.76
2026-01-30,603598,1,74.5,29.37,-1.26,False,-1.26
2026-01-30,603629,1,74.5,37.4,10.0,True,10.0
2026-01-30,601869,1,74.5,149.12,6.62,False,6.62
2026-02-02,002291,1,74.5,8.14,1.84,False,1.84
2026-02-02,603919,1,74.5,23.98,3.67,False,3.67
2026-02-02,001368,1,74.5,33.0,-0.45,False,-0.45
2026-02-02,002575,1,74.5,7.92,2.4,False,2.4
2026-02-02,002339,1,74.5,11.99,1.33,False,1.33
2026-02-03,002155,1,82.0,36.63,-1.94,False,-1.94
2026-02-03,001400,1,82.0,110.55,3.12,False,3.12
2026-02-03,002865,1,82.0,110.22,3.69,False,3.69
2026-02-03,600330,1,82.0,15.4,10.0,True,10.0
2026-02-03,601992,1,82.0,2.09,1.44,False,1.44
2026-02-04,000723,1,79.5,5.17,-2.9,False,-2.9
2026-02-04,001223,1,79.5,60.83,-3.83,False,-3.83
2026-02-04,002218,1,79.5,7.04,1.7,False,1.7
2026-02-04,300393,1,79.5,10.32,-3.49,False,-3.49
2026-02-04,600814,1,79.5,8.91,9.99,True,9.99
2026-02-05,002627,1,74.5,10.01,-5.79,False,-5.79
2026-02-05,603429,1,74.5,10.89,0.55,False,0.55
2026-02-05,300300,1,74.5,14.52,-7.64,False,-7.64
2026-02-05,002995,1,74.5,36.62,-3.8,False,-3.8
2026-02-05,002985,1,74.5,46.97,-5.85,False,-5.85
2026-02-06,002009,1,79.5,31.68,2.97,False,2.97
2026-02-06,001360,1,79.5,25.52,-0.27,False,-0.27
2026-02-06,002339,1,79.5,12.76,1.49,False,1.49
2026-02-06,002412,1,79.5,7.59,5.67,False,5.67
2026-02-06,002112,1,79.5,25.41,-0.43,False,-0.43
2026-02-09,001326,1,84.5,61.93,2.79,False,2.79
2026-02-09,002429,1,84.5,10.34,9.96,True,9.96
2026-02-09,688435,1,84.5,64.86,-3.64,False,-3.64
2026-02-09,688503,1,84.5,89.23,2.02,False,2.02
2026-02-09,688025,1,84.5,212.75,3.88,False,3.88
2026-02-10,002082,1,74.5,18.59,-0.05,False,-0.05
2026-02-10,000859,1,74.5,11.66,-1.89,False,-1.89
2026-02-10,002159,1,74.5,18.37,-0.38,False,-0.38
2026-02-10,600207,1,74.5,5.61,-4.63,False,-4.63
2026-02-10,301085,1,74.5,77.82,-5.74,False,-5.74
2026-02-11,000659,1,74.5,4.84,-1.86,False,-1.86
2026-02-11,000962,1,74.5,44.54,9.99,True,9.99
2026-02-11,001267,1,74.5,28.93,3.59,False,3.59
2026-02-11,002254,1,74.5,13.64,-1.03,False,-1.03
2026-02-11,002270,1,74.5,34.75,0.63,False,0.63
2026-02-12,002796,1,74.5,48.4,-0.85,False,-0.85
2026-02-12,002520,1,74.5,6.71,0.15,False,0.15
2026-02-12,002837,1,74.5,109.45,3.37,False,3.37
2026-02-12,002364,1,74.5,34.97,-3.46,False,-3.46
2026-02-12,601126,1,74.5,42.78,-3.23,False,-3.23
2026-02-13,603331,1,74.5,19.8,7.58,False,7.58
2026-02-13,300449,1,74.5,9.18,-5.23,False,-5.23
2026-02-13,002009,1,74.5,35.64,0.65,False,0.65
2026-02-13,605289,1,74.5,89.98,10.0,True,10.0
2026-02-13,300812,1,74.5,41.76,6.42,False,6.42
2026-02-24,000603,1,84.5,49.72,1.65,False,1.65
2026-02-24,002554,1,84.5,4.18,0.72,False,0.72
2026-02-24,002358,1,84.5,8.8,2.05,False,2.05
2026-02-24,002312,1,84.5,12.76,7.76,False,7.76
2026-02-24,002490,1,84.5,8.47,3.78,False,3.78
2026-02-25,000581,1,82.0,23.54,5.73,False,5.73
2026-02-25,300658,1,82.0,20.76,7.42,False,7.42
2026-02-25,688661,1,82.0,104.11,2.39,False,2.39
2026-02-25,603826,1,82.0,20.57,0.05,False,0.05
2026-02-25,301100,1,82.0,25.14,-5.17,False,-5.17
2026-02-26,000010,1,79.5,4.07,5.16,False,5.16
2026-02-26,002141,1,79.5,4.4,-2.05,False,-2.05
2026-02-26,002008,1,79.5,69.72,3.7,False,3.7
2026-02-26,001389,1,79.5,117.67,1.76,False,1.76
2026-02-26,300303,1,79.5,9.3,-0.86,False,-0.86
2026-02-27,000628,1,82.0,57.31,-0.4,False,-0.4
2026-02-27,000657,1,82.0,66.22,4.23,False,4.23
2026-02-27,002046,1,82.0,52.57,2.72,False,2.72
2026-02-27,603629,1,82.0,58.52,10.0,True,10.0
2026-02-27,603618,1,82.0,18.15,0.99,False,0.99
2026-03-02,000506,1,82.0,22.33,-3.27,False,-3.27
2026-03-02,002536,1,82.0,34.65,-1.3,False,-1.3
2026-03-02,002490,1,82.0,9.68,10.02,True,10.02
2026-03-02,002109,1,82.0,4.84,-1.45,False,-1.45
2026-03-02,002380,1,82.0,35.74,-5.01,False,-5.01
2026-03-03,600903,1,74.5,7.7,-7.14,False,-7.14
2026-03-03,603053,1,74.5,11.33,-6.44,False,-6.44
2026-03-03,603778,1,74.5,15.51,2.0,False,2.0
2026-03-03,002957,1,74.4,31.67,-4.64,False,-4.64
2026-03-03,603706,1,74.4,23.96,-8.72,False,-8.72
2026-03-04,001282,1,74.5,25.3,-3.87,False,-3.87
2026-03-04,688525,1,74.5,175.99,8.81,False,8.81
2026-03-04,603530,1,74.5,67.21,6.35,False,6.35
2026-03-04,603175,1,74.5,79.64,-0.82,False,-0.82
2026-03-04,002877,1,74.5,9.9,10.0,True,10.0
2026-03-05,000045,1,79.5,13.2,-3.18,False,-3.18
2026-03-05,000509,1,79.5,3.63,9.92,True,9.92
2026-03-05,000703,1,79.5,13.09,-1.07,False,-1.07
2026-03-05,300072,1,79.5,5.88,-5.78,False,-5.78
2026-03-05,002983,1,79.5,25.41,-0.67,False,-0.67
2026-03-06,000534,1,82.0,41.24,9.99,True,9.99
2026-03-06,000720,1,82.0,4.4,-3.86,False,-3.86
2026-03-06,000677,1,82.0,4.4,0.0,False,0.0
2026-03-06,000818,1,82.0,23.76,2.31,False,2.31
2026-03-06,301265,1,82.0,19.8,2.73,False,2.73
2026-03-09,000862,1,74.5,8.36,-3.11,False,-3.11
2026-03-09,301606,1,74.5,80.88,6.55,False,6.55
2026-03-09,688229,1,74.5,103.14,16.4,False,16.4
2026-03-09,688316,1,74.5,89.52,0.06,False,0.06
2026-03-09,601877,1,74.5,39.05,2.69,False,2.69
2026-03-10,000537,1,79.5,10.34,9.96,True,9.96
2026-03-10,001332,1,79.5,65.55,-0.61,False,-0.61
2026-03-10,001389,1,79.5,120.23,3.22,False,3.22
2026-03-10,001400,1,79.5,146.04,1.51,False,1.51
2026-03-10,000949,1,79.5,7.59,1.32,False,1.32
2026-03-11,001369,1,79.5,16.94,2.01,False,2.01
2026-03-11,002432,1,79.5,58.52,0.62,False,0.62
2026-03-11,300246,1,79.5,16.8,-9.17,False,-9.17
2026-03-11,601858,1,79.5,21.67,8.12,False,8.12
2026-03-11,600433,1,79.5,3.85,-2.34,False,-2.34
2026-03-12,001260,1,74.5,24.53,-4.53,False,-4.53
2026-03-12,601969,1,74.5,13.42,1.04,False,1.04
2026-03-12,601015,1,74.5,5.17,1.35,False,1.35
2026-03-12,600956,1,74.5,9.46,1.37,False,1.37
2026-03-12,301667,1,74.5,79.98,6.01,False,6.01
2026-03-13,002165,1,79.5,12.76,-5.25,False,-5.25
2026-03-13,002084,1,79.5,4.29,-3.73,False,-3.73
2026-03-13,002543,1,79.5,9.79,-2.96,False,-2.96
2026-03-13,002382,1,79.5,7.59,2.9,False,2.9
2026-03-13,603280,1,79.5,40.7,-4.91,False,-4.91
2026-03-16,001309,1,79.5,352.06,0.55,False,0.55
2026-03-16,002278,1,79.5,13.75,-7.13,False,-7.13
2026-03-16,300042,1,79.5,45.6,11.62,False,11.62
2026-03-16,301099,1,79.5,50.94,2.08,False,2.08
2026-03-16,603052,1,79.5,64.13,-10.0,False,-10.0
2026-03-17,000572,1,74.5,6.82,-2.64,False,-2.64
2026-03-17,688295,1,74.5,59.4,2.05,False,2.05
2026-03-17,002150,1,74.5,34.87,-5.08,False,-5.08
2026-03-17,002323,1,74.5,2.75,10.18,True,10.18
2026-03-17,002285,1,74.5,3.41,2.35,False,2.35
2026-03-18,000539,1,79.5,5.61,9.98,True,9.98
2026-03-18,001287,1,79.5,24.64,-0.37,False,-0.37
2026-03-18,001389,1,79.5,119.68,-3.3,False,-3.3
2026-03-18,603316,1,79.5,16.39,2.2,False,2.2
2026-03-18,603601,1,79.5,11.77,1.95,False,1.95
2026-03-19,002109,1,69.5,5.28,-10.04,False,-10.04
2026-03-19,159518,1,69.5,1.287,0.85,False,0.85
2026-03-19,300332,1,69.5,7.14,-4.9,False,-4.9
2026-03-19,603629,1,69.5,68.07,-10.0,False,-10.0
2026-03-19,600617,1,69.5,3.63,9.92,True,9.92
2026-03-20,001283,1,69.5,67.21,1.74,False,1.74
2026-03-20,605299,1,69.5,15.29,-4.12,False,-4.12
2026-03-20,603165,1,69.5,14.96,-6.89,False,-6.89
2026-03-20,300827,1,69.4,44.93,-7.32,False,-7.32
2026-03-20,603026,1,69.4,75.41,0.2,False,0.2
2026-03-23,002896,1,69.5,77.0,-3.32,False,-3.32
2026-03-23,603272,1,69.5,23.98,5.0,False,5.0
2026-03-23,600758,1,69.5,4.73,9.94,True,9.94
2026-03-23,300868,1,69.4,46.33,12.24,False,12.24
2026-03-23,603529,1,69.4,31.11,3.83,False,3.83
2026-03-24,000415,1,84.5,4.29,2.33,False,2.33
2026-03-24,002519,1,84.5,7.92,3.91,False,3.91
2026-03-24,001203,1,84.5,40.26,1.47,False,1.47
2026-03-24,000688,1,84.5,35.86,5.13,False,5.13
2026-03-24,002428,1,84.5,44.66,8.44,False,8.44
2026-03-25,000690,1,82.0,5.61,2.67,False,2.67
2026-03-25,000859,1,82.0,10.34,-3.38,False,-3.38
2026-03-25,603829,1,82.0,28.49,-0.84,False,-0.84
2026-03-25,603179,1,82.0,66.0,-2.09,False,-2.09
2026-03-25,603958,1,82.0,20.79,0.48,False,0.48
2026-03-26,000037,1,74.5,11.99,3.42,False,3.42
2026-03-26,603687,1,74.5,16.5,-5.27,False,-5.27
2026-03-26,002149,1,74.5,46.74,5.8,False,5.8
2026-03-26,000965,1,74.5,4.18,-7.18,False,-7.18
2026-03-26,603026,1,74.4,85.32,10.0,True,10.0
2026-03-27,002455,1,84.5,14.41,2.85,False,2.85
2026-03-27,002432,1,84.5,68.64,9.99,True,9.99
2026-03-27,002328,1,84.5,7.15,1.12,False,1.12
2026-03-27,002428,1,84.5,51.36,1.93,False,1.93
2026-03-27,002240,1,84.5,42.23,-0.36,False,-0.36
2026-03-30,000008,1,79.5,2.97,10.1,True,10.1
2026-03-30,002222,1,79.5,71.94,-5.45,False,-5.45
2026-03-30,001400,1,79.5,164.1,1.55,False,1.55
2026-03-30,300900,1,79.5,38.16,1.15,False,1.15
2026-03-30,002980,1,79.5,43.78,-3.84,False,-3.84
2026-03-31,002454,1,79.5,9.24,-0.54,False,-0.54
2026-03-31,002218,1,79.5,6.93,-5.77,False,-5.77
2026-03-31,002263,1,79.5,4.51,-4.66,False,-4.66
2026-03-31,002788,1,79.5,16.17,3.28,False,3.28
2026-03-31,300992,1,79.5,41.88,-10.48,False,-10.48
2026-04-01,002432,1,82.0,80.94,0.26,False,0.26
2026-04-01,002730,1,82.0,29.15,1.17,False,1.17
2026-04-01,600666,1,82.0,6.27,-1.59,False,-1.59
2026-04-01,688488,1,82.0,17.82,1.96,False,1.96
2026-04-01,603778,1,82.0,27.5,6.04,False,6.04
2026-04-02,000950,1,69.5,6.49,10.02,True,10.02
2026-04-02,603798,1,69.5,15.62,-4.67,False,-4.67
2026-04-02,002263,1,69.5,4.73,-1.48,False,-1.48
2026-04-02,000586,1,69.4,17.15,10.03,True,10.03
2026-04-02,600644,1,69.4,12.64,-9.97,False,-9.97
2026-04-03,002222,1,74.5,75.46,5.37,False,5.37
2026-04-03,605133,1,74.5,28.49,-3.62,False,-3.62
2026-04-03,002796,1,74.5,50.59,-3.95,False,-3.95
2026-04-03,002980,1,74.5,46.09,10.0,True,10.0
2026-04-03,300608,1,74.5,12.9,-4.11,False,-4.11
2026-04-07,002132,1,84.5,4.07,0.49,False,0.49
2026-04-07,603002,1,84.5,10.67,3.19,False,3.19
2026-04-07,603421,1,84.5,8.91,-0.9,False,-0.9
2026-04-07,688345,1,84.5,51.6,-5.16,False,-5.16
2026-04-07,301373,1,84.5,82.86,-1.28,False,-1.28
2026-04-08,605318,1,87.0,84.7,10.0,True,10.0
2026-04-08,002046,1,87.0,45.97,1.52,False,1.52
2026-04-08,301232,1,87.0,184.74,-4.46,False,-4.46
2026-04-08,301070,1,87.0,91.2,8.0,False,8.0
2026-04-08,300475,1,87.0,148.18,-0.43,False,-0.43
2026-04-09,002150,1,74.5,32.78,1.98,False,1.98
2026-04-09,603216,1,74.5,36.52,-7.91,False,-7.91
2026-04-09,600594,1,74.5,5.06,-4.94,False,-4.94
2026-04-09,300489,1,74.5,61.44,10.37,False,10.37
2026-04-09,600337,1,74.5,2.86,2.45,False,2.45
2026-04-10,300131,1,79.5,15.42,0.45,False,0.45
2026-04-10,001309,1,79.5,447.24,7.66,False,7.66
2026-04-10,000762,1,79.5,33.88,-0.65,False,-0.65
2026-04-10,688478,1,79.5,35.88,4.43,False,4.43
2026-04-10,603933,1,79.5,24.53,-2.57,False,-2.57
2026-04-13,001203,1,79.5,42.67,3.07,False,3.07
2026-04-13,002929,1,79.5,56.98,4.98,False,4.98
2026-04-13,002957,1,79.5,41.36,-1.55,False,-1.55
2026-04-13,002943,1,79.5,51.26,5.95,False,5.95
2026-04-13,600773,1,79.5,19.36,6.66,False,6.66
2026-04-14,002023,1,79.5,12.32,3.25,False,3.25
2026-04-14,301189,1,79.5,71.99,20.0,True,20.0
2026-04-14,002990,1,79.5,38.28,10.01,True,10.01
2026-04-14,301157,1,79.5,77.7,-4.98,False,-4.98
2026-04-14,300857,1,79.5,249.6,12.46,False,12.46
2026-04-15,000026,1,79.5,17.82,-0.51,False,-0.51
2026-04-15,002468,1,79.5,16.39,10.01,True,10.01
2026-04-15,002788,1,79.5,15.95,-1.57,False,-1.57
2026-04-15,003036,1,79.5,29.7,-2.56,False,-2.56
2026-04-15,603444,1,79.5,393.34,-1.76,False,-1.76
2026-04-16,002263,1,82.0,5.17,-3.68,False,-3.68
2026-04-16,001230,1,82.0,27.72,0.97,False,0.97
2026-04-16,002008,1,82.0,86.67,1.03,False,1.03
2026-04-16,002209,1,82.0,16.5,1.09,False,1.09
2026-04-16,002771,1,82.0,18.37,0.82,False,0.82
2026-04-17,001400,1,79.5,193.6,10.0,True,10.0
2026-04-17,002975,1,79.5,99.97,-4.87,False,-4.87
2026-04-17,002957,1,79.5,45.97,4.33,False,4.33
2026-04-17,002796,1,79.5,53.35,4.59,False,4.59
2026-04-17,002487,1,79.5,85.47,4.87,False,4.87
2026-04-20,000586,1,82.0,21.34,-4.17,False,-4.17
2026-04-20,002149,1,82.0,60.28,1.74,False,1.74
2026-04-20,605222,1,82.0,31.24,4.03,False,4.03
2026-04-20,603318,1,82.0,8.47,0.94,False,0.94
2026-04-20,603332,1,82.0,14.52,-1.79,False,-1.79
2026-04-21,000715,1,74.5,6.27,-4.15,False,-4.15
2026-04-21,603335,1,74.5,7.37,-4.07,False,-4.07
2026-04-21,688268,1,74.5,119.04,15.84,False,15.84
2026-04-21,688661,1,74.5,103.44,15.29,False,15.29
2026-04-21,605298,1,74.5,59.62,0.52,False,0.52
2026-04-22,002432,1,79.5,88.09,-2.2,False,-2.2
2026-04-22,002428,1,79.5,75.24,2.18,False,2.18
2026-04-22,002384,1,79.5,186.34,0.17,False,0.17
2026-04-22,002256,1,79.5,4.51,-1.11,False,-1.11
2026-04-22,600184,1,79.5,25.85,-2.63,False,-2.63
2026-04-23,001267,1,74.5,50.92,-1.22,False,-1.22
2026-04-23,001314,1,74.5,48.5,-0.08,False,-0.08
2026-04-23,002008,1,74.5,103.6,-1.1,False,-1.1
2026-04-23,000925,1,74.5,8.36,10.05,True,10.05
2026-04-23,603538,1,74.5,55.55,3.65,False,3.65
2026-04-24,002127,1,79.5,3.08,0.97,False,0.97
2026-04-24,001339,1,79.5,80.74,2.37,False,2.37
2026-04-24,002240,1,79.5,50.93,2.34,False,2.34
2026-04-24,002756,1,79.5,78.21,4.03,False,4.03
2026-04-24,002990,1,79.5,54.11,-10.0,False,-10.0
2026-04-27,600246,1,82.0,10.67,-4.22,False,-4.22
2026-04-27,600433,1,82.0,4.4,2.73,False,2.73
2026-04-27,600418,1,82.0,48.94,-2.0,False,-2.0
2026-04-27,600396,1,82.0,10.12,6.72,False,6.72
2026-04-27,002785,1,82.0,44.55,-0.29,False,-0.29
2026-04-28,002313,1,79.5,10.12,-1.38,False,-1.38
2026-04-28,300540,1,79.5,36.12,-5.7,False,-5.7
2026-04-28,603215,1,79.5,22.22,-9.99,False,-9.99
2026-04-28,603629,1,79.5,119.35,10.0,True,10.0
2026-04-28,603779,1,79.5,7.04,-1.28,False,-1.28
2026-04-29,000039,1,87.0,12.43,-0.32,False,-0.32
2026-04-29,000657,1,87.0,57.31,1.54,False,1.54
2026-04-29,002498,1,87.0,9.02,-3.33,False,-3.33
2026-04-29,002756,1,87.0,83.8,4.11,False,4.11
2026-04-29,002847,1,87.0,59.62,-1.51,False,-1.51
2026-04-30,000007,1,82.0,15.51,2.97,False,2.97
2026-04-30,000553,1,82.0,6.82,9.97,True,9.97
2026-04-30,002158,1,82.0,27.61,10.0,True,10.0
2026-04-30,001215,1,82.0,46.86,3.2,False,3.2
2026-04-30,688521,1,82.0,280.88,-0.81,False,-0.81
2026-05-06,000338,1,84.5,34.32,1.98,False,1.98
2026-05-06,001389,1,84.5,179.58,0.41,False,0.41
2026-05-06,000620,1,84.5,3.08,0.97,False,0.97
2026-05-06,003041,1,84.5,57.64,9.99,True,9.99
2026-05-06,002272,1,84.5,19.03,4.36,False,4.36
2026-05-07,002008,1,84.5,112.41,8.58,False,8.58
2026-05-07,000720,1,84.5,5.17,10.06,True,10.06
2026-05-07,002350,1,84.5,15.95,4.7,False,4.7
2026-05-07,002298,1,84.5,11.11,-0.18,False,-0.18
2026-05-07,002384,1,84.5,211.07,0.15,False,0.15
2026-05-08,000659,1,84.5,4.4,-1.14,False,-1.14
2026-05-08,002222,1,84.5,108.24,0.42,False,0.42
2026-05-08,002256,1,84.5,5.28,4.55,False,4.55
2026-05-08,002132,1,84.5,5.72,-1.75,False,-1.75
2026-05-08,002091,1,84.5,9.79,-2.76,False,-2.76
2026-05-11,000672,1,87.0,15.62,9.99,True,9.99
2026-05-11,000791,1,87.0,10.12,-3.56,False,-3.56
2026-05-11,001331,1,87.0,54.99,-2.98,False,-2.98
2026-05-11,001389,1,87.0,190.3,0.2,False,0.2
2026-05-11,002008,1,87.0,134.27,0.29,False,0.29
2026-05-12,000006,1,79.5,10.45,-0.67,False,-0.67
2026-05-12,002498,1,79.5,10.01,9.99,True,9.99
2026-05-12,002300,1,79.5,10.67,6.09,False,6.09
2026-05-12,002428,1,79.5,101.42,0.09,False,0.09
2026-05-12,002606,1,79.5,16.94,1.65,False,1.65
2026-05-13,001210,1,84.5,26.73,9.99,True,9.99
2026-05-13,001309,1,84.5,679.8,6.16,False,6.16
2026-05-13,002008,1,84.5,148.13,0.74,False,0.74
2026-05-13,001223,1,84.5,64.34,9.99,True,9.99
2026-05-13,002364,1,84.5,48.4,0.7,False,0.7
2026-05-14,002973,1,79.5,13.97,-0.36,False,-0.36
2026-05-14,002309,1,79.5,5.17,-10.06,False,-10.06
2026-05-14,605366,1,79.5,12.21,-3.36,False,-3.36
2026-05-14,300715,1,79.5,18.24,-6.8,False,-6.8
2026-05-14,003031,1,79.5,166.09,-3.31,False,-3.31
2026-05-15,002181,1,79.5,19.69,-10.01,False,-10.01
2026-05-15,300263,1,79.5,13.74,-4.73,False,-4.73
2026-05-15,601991,1,79.5,7.92,0.13,False,0.13
2026-05-15,603078,1,79.5,30.25,6.78,False,6.78
2026-05-15,605099,1,79.5,53.56,-10.01,False,-10.01
2026-05-18,002515,1,82.0,7.48,2.94,False,2.94
2026-05-18,000988,1,82.0,147.38,7.48,False,7.48
2026-05-18,600714,1,82.0,27.72,-0.65,False,-0.65
2026-05-18,301313,1,82.0,46.02,10.69,False,10.69
2026-05-18,301666,1,82.0,816.0,0.0,False,0.0
2026-05-19,000026,1,84.5,22.22,-1.89,False,-1.89
2026-05-19,000586,1,84.5,20.57,-2.87,False,-2.87
2026-05-19,001326,1,84.5,64.9,1.4,False,1.4
2026-05-19,000899,1,84.5,14.3,-6.15,False,-6.15
2026-05-19,000811,1,84.5,38.06,-2.84,False,-2.84
2026-05-20,000518,1,79.5,3.41,9.97,True,9.97
2026-05-20,000880,1,79.5,35.42,-3.42,False,-3.42
2026-05-20,001313,1,79.5,9.79,-5.62,False,-5.62
2026-05-20,002407,1,79.5,40.69,0.29,False,0.29
2026-05-20,003036,1,79.5,45.98,3.11,False,3.11
2026-05-21,000403,1,74.5,11.55,-0.35,False,-0.35
2026-05-21,000536,1,74.5,4.29,2.1,False,2.1
2026-05-21,002888,1,74.5,25.74,-9.98,False,-9.98
2026-05-21,002920,1,74.5,106.12,4.13,False,4.13
2026-05-21,002940,1,74.5,45.65,-9.99,False,-9.99
2026-05-22,000532,1,87.0,13.64,-1.61,False,-1.61
2026-05-22,000636,1,87.0,37.62,9.99,True,9.99
2026-05-22,301362,1,87.0,238.73,10.4,False,10.4
2026-05-22,301312,1,87.0,136.2,9.4,False,9.4
2026-05-22,301013,1,87.0,42.84,0.44,False,0.44
2026-05-25,002409,1,87.0,128.15,-3.85,False,-3.85
2026-05-25,002947,1,87.0,98.34,3.53,False,3.53
2026-05-25,003036,1,87.0,55.98,10.0,True,10.0
2026-05-25,300779,1,87.0,82.44,11.78,False,11.78
2026-05-25,300975,1,87.0,27.36,6.21,False,6.21
2026-05-26,000506,1,74.5,15.4,-3.38,False,-3.38
2026-05-26,301591,1,74.5,58.68,-30.81,False,-30.81
2026-05-26,001331,1,74.4,67.83,2.87,False,2.87
2026-05-26,001376,1,74.4,15.28,-1.83,False,-1.83
2026-05-26,600301,1,74.4,61.22,-6.93,False,-6.93
2026-05-27,000608,1,74.5,4.18,-0.48,False,-0.48
2026-05-27,600863,1,74.5,6.71,-1.04,False,-1.04
2026-05-27,603533,1,74.5,25.85,-4.33,False,-4.33
2026-05-27,603663,1,74.5,64.13,-0.67,False,-0.67
2026-05-27,603578,1,74.5,16.94,-5.02,False,-5.02
2026-05-28,000600,1,84.5,12.1,3.72,False,3.72
2026-05-28,000791,1,84.5,9.68,1.65,False,1.65
2026-05-28,002243,1,84.5,9.35,-3.1,False,-3.1
2026-05-28,002975,1,84.5,134.28,7.46,False,7.46
2026-05-28,002951,1,84.5,17.49,0.86,False,0.86
2026-05-29,000151,1,79.5,13.31,3.23,False,3.23
2026-05-29,002081,1,79.5,6.16,10.06,True,10.06
2026-05-29,600857,1,79.5,15.51,1.35,False,1.35
2026-05-29,603439,1,79.5,16.28,1.41,False,1.41
2026-05-29,601702,1,79.5,20.57,-1.51,False,-1.51
2026-06-01,001314,1,87.0,64.46,-7.0,False,-7.0
2026-06-01,002235,1,87.0,11.0,-6.73,False,-6.73
2026-06-01,300649,1,87.0,25.26,3.13,False,3.13
2026-06-01,600152,1,87.0,12.54,-2.47,False,-2.47
2026-06-01,600367,1,87.0,35.31,10.0,True,10.0
2026-06-02,000700,1,82.0,15.07,10.02,True,10.02
2026-06-02,301419,1,82.0,44.88,12.21,False,12.21
2026-06-02,301563,1,82.0,211.7,-2.69,False,-2.69
2026-06-02,600500,1,82.0,6.27,-4.78,False,-4.78
2026-06-02,002975,1,82.0,148.58,-0.39,False,-0.39
2026-06-03,001212,1,79.5,54.89,-2.66,False,-2.66
2026-06-03,001326,1,79.5,67.98,-0.53,False,-0.53
2026-06-03,001223,1,79.5,46.2,1.73,False,1.73
2026-06-03,002046,1,79.5,56.98,-1.4,False,-1.4
2026-06-03,600396,1,79.5,21.34,2.95,False,2.95
2026-06-04,000520,1,82.0,4.18,10.05,True,10.05
2026-06-04,001309,1,82.0,680.85,-7.4,False,-7.4
2026-06-04,600226,1,82.0,6.71,3.43,False,3.43
2026-06-04,301319,1,82.0,137.57,-12.94,False,-12.94
2026-06-04,301188,1,82.0,54.54,0.28,False,0.28
2026-06-05,603048,1,82.0,20.79,4.81,False,4.81
2026-06-05,688017,1,82.0,393.0,8.97,False,8.97
2026-06-05,002896,1,82.0,86.77,9.72,False,9.72
2026-06-05,603888,1,82.0,19.25,1.3,False,1.3
2026-06-05,603992,1,82.0,32.78,-4.24,False,-4.24
2026-06-08,001696,1,74.5,15.95,10.03,True,10.03
2026-06-08,001317,1,74.5,56.86,0.88,False,0.88
2026-06-08,600539,1,74.5,15.4,2.08,False,2.08
2026-06-08,603186,1,74.5,136.03,10.0,True,10.0
2026-06-08,603929,1,74.5,187.1,10.0,True,10.0
2026-06-09,000681,1,87.0,24.75,-3.23,False,-3.23
2026-06-09,001896,1,87.0,21.56,-1.81,False,-1.81
2026-06-09,002080,1,87.0,64.68,-2.91,False,-2.91
2026-06-09,000920,1,87.0,12.98,6.47,False,6.47
2026-06-09,002995,1,87.0,23.54,-3.4,False,-3.4
2026-06-10,000970,1,79.5,14.52,-3.37,False,-3.37
2026-06-10,002081,1,79.5,5.94,-9.93,False,-9.93
2026-06-10,002261,1,79.5,30.91,-6.44,False,-6.44
2026-06-10,002657,1,79.5,20.68,-1.6,False,-1.6
2026-06-10,600058,1,79.5,10.34,-5.13,False,-5.13
2026-06-11,000688,1,82.0,45.32,3.51,False,3.51
2026-06-11,605069,1,82.0,11.55,-5.63,False,-5.63
2026-06-11,688419,1,82.0,55.08,4.94,False,4.94
2026-06-11,688167,1,82.0,338.86,-2.06,False,-2.06
2026-06-11,603315,1,82.0,16.5,-1.52,False,-1.52
2026-06-12,000737,1,84.5,14.08,6.96,False,6.96
2026-06-12,001233,1,84.5,51.37,2.16,False,2.16
2026-06-12,000759,1,84.5,5.83,2.06,False,2.06
2026-06-12,002976,1,84.5,32.88,-10.01,False,-10.01
2026-06-12,002969,1,84.5,16.39,-3.05,False,-3.05
2026-06-15,000070,1,87.0,18.81,3.62,False,3.62
2026-06-15,000700,1,87.0,15.84,1.7,False,1.7
2026-06-15,000657,1,87.0,86.9,6.44,False,6.44
2026-06-15,002137,1,87.0,10.12,-2.77,False,-2.77
2026-06-15,002281,1,87.0,225.47,2.01,False,2.01
2026-06-16,002446,1,84.5,11.77,-0.59,False,-0.59
2026-06-16,002734,1,84.5,16.39,0.49,False,0.49
2026-06-16,002729,1,84.5,19.47,2.67,False,2.67
2026-06-16,002008,1,84.5,136.62,-0.57,False,-0.57
2026-06-16,001283,1,84.5,53.02,-0.34,False,-0.34
2026-06-17,000672,1,84.5,19.03,-1.68,False,-1.68
2026-06-17,000823,1,84.5,22.11,-2.31,False,-2.31
2026-06-17,000811,1,84.5,36.52,9.99,True,9.99
2026-06-17,000725,1,84.5,6.71,-2.38,False,-2.38
2026-06-17,001339,1,84.5,115.39,10.0,True,10.0
2026-06-18,000608,1,84.5,7.59,0.66,False,0.66
2026-06-18,002068,1,84.5,10.45,10.05,True,10.05
2026-06-18,001365,1,84.5,44.22,-0.9,False,-0.9
2026-06-18,002203,1,84.5,25.52,3.06,False,3.06
2026-06-18,002281,1,84.5,266.2,3.71,False,3.71
2026-06-22,000012,1,87.0,4.73,-1.27,False,-1.27
2026-06-22,000510,1,87.0,24.31,-0.86,False,-0.86
2026-06-22,000571,1,87.0,5.83,9.95,True,9.95
2026-06-22,000823,1,87.0,23.76,-10.02,False,-10.02
2026-06-22,001359,1,87.0,145.42,-19.34,False,-19.34
2026-06-23,000042,1,84.5,9.9,-0.51,False,-0.51
2026-06-23,000813,1,84.5,3.19,-4.39,False,-4.39
2026-06-23,002374,1,84.5,3.52,0.85,False,0.85
2026-06-23,002141,1,84.5,4.95,-3.84,False,-3.84
2026-06-23,600171,1,84.5,30.8,0.16,False,0.16
2026-06-24,000021,1,84.5,50.27,5.83,False,5.83
2026-06-24,001359,1,84.5,129.03,-1.13,False,-1.13
2026-06-24,002046,1,84.5,69.95,7.81,False,7.81
2026-06-24,001339,1,84.5,136.95,-0.1,False,-0.1
2026-06-24,000908,1,84.5,6.05,-7.27,False,-7.27
2026-06-25,000034,1,82.0,27.94,-4.72,False,-4.72
2026-06-25,000636,1,82.0,79.62,-1.41,False,-1.41
2026-06-25,000962,1,82.0,84.02,3.58,False,3.58
2026-06-25,001330,1,82.0,6.93,-9.81,False,-9.81
2026-06-25,001309,1,82.0,891.0,6.73,False,6.73
2026-06-26,002106,1,79.5,15.62,1.98,False,1.98
2026-06-26,001400,1,79.5,115.37,-0.54,False,-0.54
2026-06-26,001389,1,79.5,220.88,-0.18,False,-0.18
2026-06-26,301349,1,79.5,75.6,-1.39,False,-1.39
2026-06-26,002568,1,79.5,15.73,9.98,True,9.98
2026-06-29,002409,1,87.0,207.46,8.21,False,8.21
2026-06-29,002422,1,87.0,39.16,-1.63,False,-1.63
2026-06-29,000777,1,87.0,18.48,5.74,False,5.74
2026-06-29,003004,1,87.0,76.65,6.39,False,6.39
2026-06-29,002859,1,87.0,114.15,-4.06,False,-4.06
2026-06-30,000818,1,87.0,14.52,2.27,False,2.27
2026-06-30,000603,1,87.0,23.1,10.0,True,10.0
2026-06-30,002009,1,87.0,20.68,1.45,False,1.45
2026-06-30,002119,1,87.0,39.92,0.7,False,0.7
2026-06-30,300321,1,87.0,64.38,-0.54,False,-0.54
2026-07-01,001365,1,87.0,43.23,-3.77,False,-3.77
2026-07-01,000863,1,87.0,4.62,-1.95,False,-1.95
2026-07-01,002268,1,87.0,14.19,-5.43,False,-5.43
2026-07-01,002455,1,87.0,7.92,-2.9,False,-2.9
2026-07-01,002670,1,87.0,12.1,2.81,False,2.81
2026-07-02,002584,1,84.5,11.0,-9.55,False,-9.55
2026-07-02,000890,1,84.5,9.02,-9.98,False,-9.98
2026-07-02,002354,1,84.5,10.34,-9.38,False,-9.38
2026-07-02,002250,1,84.5,15.51,0.9,False,0.9
2026-07-02,688216,1,84.5,51.3,-20.0,False,-20.0
2026-07-03,001270,1,87.0,163.32,-2.41,False,-2.41
2026-07-03,600391,1,87.0,35.52,-2.08,False,-2.08
2026-07-03,600769,1,87.0,21.78,-10.01,False,-10.01
2026-07-03,601100,1,87.0,121.66,-3.42,False,-3.42
2026-07-03,600841,1,87.0,6.71,1.19,False,1.19
2026-07-06,688039,1,82.0,43.56,-6.15,False,-6.15
2026-07-06,603067,1,82.0,48.73,-8.66,False,-8.66
2026-07-06,600180,1,82.0,1.54,-9.74,False,-9.74
2026-07-06,300684,1,82.0,74.41,-6.76,False,-6.76
2026-07-06,301191,1,82.0,135.01,-7.41,False,-7.41
2026-07-07,001229,1,69.5,38.82,9.99,True,9.99
2026-07-07,688432,1,69.5,46.14,-2.88,False,-2.88
2026-07-07,600206,1,69.5,55.98,-3.57,False,-3.57
2026-07-07,301516,1,69.5,18.72,2.14,False,2.14
2026-07-07,003004,1,69.5,79.95,0.48,False,0.48
2026-07-08,000506,1,84.5,13.42,-0.07,False,-0.07
2026-07-08,001208,1,84.5,14.85,-2.09,False,-2.09
2026-07-08,001207,1,84.5,16.28,-1.11,False,-1.11
2026-07-08,002674,1,84.5,29.15,5.69,False,5.69
2026-07-08,002350,1,84.5,15.07,-2.52,False,-2.52
2026-07-09,000811,1,87.0,55.11,-2.98,False,-2.98
2026-07-09,002409,1,87.0,209.0,-0.88,False,-0.88
2026-07-09,002414,1,87.0,13.31,9.99,True,9.99
2026-07-09,002384,1,87.0,261.32,-7.28,False,-7.28
2026-07-09,003018,1,87.0,68.31,-5.43,False,-5.43
2026-07-10,000620,1,84.5,3.63,-7.44,False,-7.44
2026-07-10,002693,1,84.5,10.45,-2.3,False,-2.3
2026-07-10,002219,1,84.5,1.98,-1.52,False,-1.52
2026-07-10,002038,1,84.5,6.38,5.33,False,5.33
2026-07-10,000901,1,84.5,17.93,-9.98,False,-9.98
2026-07-13,300214,1,69.5,12.3,8.94,False,8.94
2026-07-13,300534,1,69.5,9.0,16.33,False,16.33
2026-07-13,002581,1,69.5,3.63,5.23,True,5.23
2026-07-13,600881,1,69.5,1.65,1.21,False,1.21
2026-07-13,301520,1,69.4,54.22,-9.65,False,-9.65
2026-07-14,000968,1,84.5,7.04,-3.55,False,-3.55
2026-07-14,000677,1,84.5,1.76,2.27,False,2.27
2026-07-14,002636,1,84.5,95.68,-0.93,False,-0.93
2026-07-14,002463,1,84.5,137.13,0.07,False,0.07
2026-07-14,002975,1,84.5,124.52,-10.0,False,-10.0
2026-07-15,000593,1,79.5,21.56,2.27,False,2.27
2026-07-15,600162,1,79.5,2.53,9.88,True,9.88
2026-07-15,000596,1,79.5,88.53,2.36,False,2.36
2026-07-15,002821,1,79.5,195.75,-8.05,False,-8.05
2026-07-15,600785,1,79.5,8.47,10.04,True,10.04
2026-07-16,000677,1,74.5,1.98,-9.09,False,-9.09
2026-07-16,600602,1,74.5,18.26,0.93,False,0.93
2026-07-16,002881,1,74.5,39.05,4.17,False,4.17
2026-07-16,002350,1,74.5,16.06,-6.6,False,-6.6
2026-07-16,301176,1,74.5,58.2,-14.81,False,-14.81
2026-07-17,002432,1,69.5,79.2,-8.46,False,-8.46
2026-07-17,603161,1,69.5,13.31,-0.83,False,-0.83
2026-07-17,600095,1,69.5,8.69,4.95,False,4.95
2026-07-17,605011,1,69.5,18.48,8.44,False,8.44
2026-07-17,603118,1,69.4,14.95,-9.23,False,-9.23
2026-07-20,000596,1,79.5,93.83,2.31,False,2.31
2026-07-20,002866,1,79.5,14.85,5.32,False,5.32
2026-07-20,002992,1,79.5,35.86,-1.0,False,-1.0
2026-07-20,601991,1,79.5,6.38,3.76,False,3.76
2026-07-20,600403,1,79.5,5.28,-1.89,False,-1.89
2026-07-21,688809,1,87.0,429.61,2.65,False,2.65
2026-07-21,688797,1,87.0,352.38,6.7,False,6.7
2026-07-21,688037,1,87.0,358.5,-2.93,False,-2.93
2026-07-21,688003,1,87.0,79.75,-4.15,False,-4.15
2026-07-21,688001,1,87.0,57.36,-7.93,False,-7.93
2026-07-22,000838,1,74.5,2.31,3.46,False,3.46
2026-07-22,000839,1,74.5,2.64,-1.89,False,-1.89
2026-07-22,002412,1,74.5,6.71,9.99,True,9.99
2026-07-22,603296,1,74.5,87.67,1.38,False,1.38
2026-07-22,603619,1,74.5,21.34,9.98,True,9.98
2026-07-23,000668,1,87.0,16.06,10.02,True,10.02
2026-07-23,000632,1,87.0,2.97,-3.03,False,-3.03
2026-07-23,002725,1,87.0,10.78,0.65,False,0.65
2026-07-23,300141,1,87.0,9.84,0.1,False,0.1
2026-07-23,002339,1,87.0,7.04,-2.98,False,-2.98
2026-07-24,688622,1,69.5,101.93,3.02,False,3.02
2026-07-24,603580,1,69.5,46.3,3.48,False,3.48
2026-07-24,301583,1,69.5,174.0,0.57,False,0.57
2026-07-24,605198,1,69.4,54.63,4.23,False,4.23
2026-07-24,688237,1,69.4,65.45,8.79,False,8.79
2026-07-27,001248,1,87.0,13.97,2.15,False,2.15
2026-07-27,001267,1,87.0,34.1,-8.83,False,-8.83
2026-07-27,001317,1,87.0,51.81,-0.15,False,-0.15
2026-07-27,002353,1,87.0,151.02,-10.0,False,-10.0
2026-07-27,002900,1,87.0,12.54,3.51,False,3.51
2026-07-28,002642,1,74.5,7.26,-0.14,False,-0.14
2026-07-28,002338,1,74.5,43.22,-7.59,False,-7.59
2026-07-28,301139,1,74.5,3.12,19.87,True,19.87
2026-07-28,600191,1,74.5,9.46,0.42,False,0.42
2026-07-28,002795,1,74.5,6.05,0.33,False,0.33
2026-07-29,000636,1,84.5,47.51,6.29,False,6.29
2026-07-29,002083,1,84.5,11.88,-5.22,False,-5.22
2026-07-29,000736,1,84.5,4.4,-1.82,False,-1.82
2026-07-29,002440,1,84.5,13.64,0.0,False,0.0
2026-07-29,688260,1,84.5,88.51,16.16,False,16.16
2026-07-30,000009,1,74.5,7.15,10.07,True,10.07
2026-07-30,001309,1,74.5,390.04,-1.06,False,-1.06
2026-07-30,001225,1,74.5,43.66,-2.82,False,-2.82
2026-07-30,301667,1,74.5,65.82,1.05,False,1.05
2026-07-30,301668,1,74.5,37.26,4.27,False,4.27
2026-07-31,000048,1,87.0,18.81,-4.2,False,-4.2
2026-07-31,000506,1,87.0,14.52,1.31,False,1.31
2026-07-31,001359,1,87.0,76.67,-5.49,False,-5.49
2026-07-31,001400,1,87.0,67.32,2.29,False,2.29
2026-07-31,000815,1,87.0,15.18,10.01,True,10.01
2026-08-03,000608,1,82.0,6.71,-1.79,False,-1.79
2026-08-03,002058,1,82.0,16.94,-1.3,False,-1.3
2026-08-03,001229,1,82.0,34.98,10.01,True,10.01
2026-08-03,301082,1,82.0,10.62,6.21,False,6.21
2026-08-03,600396,1,82.0,15.51,5.54,False,5.54
2026-08-04,000710,1,87.0,9.24,-0.54,False,-0.54
2026-08-04,002199,1,87.0,13.53,1.63,False,1.63
2026-08-04,002281,1,87.0,172.32,-0.45,False,-0.45
2026-08-04,002929,1,87.0,54.01,6.96,False,6.96
2026-08-04,003031,1,87.0,100.3,8.31,False,8.31
2026-08-05,000056,1,84.5,2.09,-1.44,False,-1.44
2026-08-05,000603,1,84.5,29.15,7.38,False,7.38
2026-08-05,001210,1,84.5,20.79,4.76,False,4.76
2026-08-05,002703,1,84.5,16.28,0.43,False,0.43
2026-08-05,002491,1,84.5,16.06,2.86,False,2.86
2026-08-06,688693,1,82.0,77.82,19.99,True,19.99
2026-08-06,605366,1,82.0,8.47,-0.12,False,-0.12
2026-08-06,300903,1,82.0,64.32,12.45,False,12.45
2026-08-06,002826,1,82.0,18.15,-1.71,False,-1.71
2026-08-06,003036,1,82.0,52.25,2.7,False,2.7
2026-08-07,000603,1,84.5,34.43,7.81,False,7.81
2026-08-07,002943,1,84.5,35.96,-2.14,False,-2.14
2026-08-07,002821,1,84.5,172.26,2.17,False,2.17
2026-08-07,002281,1,84.5,193.04,-7.64,False,-7.64
2026-08-07,000831,1,84.5,57.19,2.05,False,2.05
2026-08-10,002541,1,84.5,20.57,-1.6,False,-1.6
2026-08-10,002289,1,84.5,37.5,-1.15,False,-1.15
2026-08-10,002474,1,84.5,7.04,-5.11,False,-5.11
2026-08-10,600326,1,84.5,8.36,-6.34,False,-6.34
2026-08-10,003043,1,84.5,74.25,-3.42,False,-3.42
2026-08-11,002194,1,74.5,11.0,0.27,False,0.27
2026-08-11,600881,1,74.5,1.87,10.16,True,10.16
2026-08-11,603009,1,74.5,44.0,5.25,False,5.25
2026-08-11,603087,1,74.5,74.47,3.67,False,3.67
2026-08-11,603284,1,74.5,44.44,0.65,False,0.65
2026-08-12,000736,1,82.0,4.95,-6.67,False,-6.67
2026-08-12,002164,1,82.0,13.09,-3.82,False,-3.82
2026-08-12,601700,1,82.0,7.59,-6.46,False,-6.46
2026-08-12,603228,1,82.0,98.21,-1.03,False,-1.03
2026-08-12,603191,1,82.0,15.4,10.0,True,10.0
2026-08-13,000006,1,74.5,7.7,-2.34,False,-2.34
2026-08-13,600613,1,74.5,5.83,9.95,True,9.95
2026-08-13,002724,1,74.5,6.16,10.06,True,10.06
2026-08-13,002644,1,74.5,8.8,-3.52,False,-3.52
2026-08-13,301520,1,74.5,88.68,-3.26,False,-3.26
2026-08-14,002418,1,79.5,4.07,-0.25,False,-0.25
2026-08-14,603177,1,79.5,10.23,-0.98,False,-0.98
2026-08-14,603629,1,79.5,137.5,3.88,False,3.88
2026-08-14,600645,1,79.5,22.33,-4.25,False,-4.25
2026-08-14,603025,1,79.5,15.18,-1.19,False,-1.19
2026-08-17,000029,1,84.5,24.42,-6.18,False,-6.18
2026-08-17,000551,1,84.5,15.51,-9.74,False,-9.74
2026-08-17,000564,1,84.5,1.54,0.0,False,0.0
2026-08-17,000811,1,84.5,45.09,-3.15,False,-3.15
2026-08-17,002353,1,84.5,166.09,-2.13,False,-2.13
2026-08-18,000620,1,82.0,3.41,3.81,False,3.81
2026-08-18,688152,1,82.0,34.98,8.43,False,8.43
2026-08-18,600371,1,82.0,8.14,9.95,True,9.95
2026-08-18,301129,1,82.0,26.46,-8.31,False,-8.31
2026-08-18,600113,1,82.0,35.2,-10.0,False,-10.0
2026-08-19,603102,1,74.5,45.76,-3.56,False,-3.56
2026-08-19,603506,1,74.5,11.88,-7.83,False,-7.83
2026-08-19,603290,1,74.5,100.31,-4.68,False,-4.68
2026-08-19,600403,1,74.5,6.82,4.25,False,4.25
2026-08-19,001277,1,74.4,32.97,10.01,True,10.01
2026-08-20,002579,1,84.5,15.29,-2.81,False,-2.81
2026-08-20,002437,1,84.5,4.73,-8.03,False,-8.03
2026-08-20,002880,1,84.5,21.89,-3.52,False,-3.52
2026-08-20,688356,1,84.5,89.45,20.0,True,20.0
2026-08-20,688433,1,84.5,103.25,1.56,False,1.56
2026-08-21,002536,1,79.5,46.97,3.9,False,3.9
2026-08-21,300214,1,79.5,12.9,-4.88,False,-4.88
2026-08-21,300016,1,79.5,10.44,-6.7,False,-6.7
2026-08-21,600353,1,79.5,38.28,-3.29,False,-3.29
2026-08-21,002971,1,79.4,46.61,-5.94,False,-5.94
2026-08-24,002882,1,74.5,23.76,-6.65,False,-6.65
2026-08-24,600272,1,74.5,18.15,5.67,False,5.67
2026-08-24,605198,1,74.5,64.79,-1.11,False,-1.11
2026-08-24,600613,1,74.5,9.9,3.74,False,3.74
2026-08-24,300313,1,74.5,15.36,8.27,False,8.27
2026-08-25,000779,1,82.0,10.01,-3.3,False,-3.3
2026-08-25,002947,1,82.0,59.61,6.51,False,6.51
2026-08-25,002880,1,82.0,22.55,7.41,False,7.41
2026-08-25,300642,1,82.0,16.2,6.42,False,6.42
2026-08-25,002686,1,82.0,6.82,3.52,False,3.52
2026-08-26,002047,1,74.5,3.63,-2.48,False,-2.48
2026-08-26,603392,1,74.5,30.91,1.39,False,1.39
2026-08-26,605162,1,74.5,9.9,-1.11,False,-1.11
2026-08-26,688185,1,74.5,85.62,8.36,False,8.36
2026-08-26,603083,1,74.5,190.85,3.86,False,3.86
2026-08-27,000586,1,79.5,14.41,-4.44,False,-4.44
2026-08-27,002953,1,79.5,11.88,-4.55,False,-4.55
2026-08-27,002190,1,79.5,25.52,1.84,False,1.84
2026-08-27,002515,1,79.5,8.58,-2.68,False,-2.68
2026-08-27,001309,1,79.5,429.76,-0.17,False,-0.17
2026-08-28,000560,1,82.0,2.64,9.85,True,9.85
2026-08-28,002949,1,82.0,14.08,-3.55,False,-3.55
2026-08-28,002918,1,82.0,11.33,1.5,False,1.5
2026-08-28,002679,1,82.0,10.67,10.03,True,10.03
2026-08-28,002971,1,82.0,47.08,-1.42,False,-1.42
2026-08-31,001330,1,82.0,5.61,9.98,True,9.98
2026-08-31,002375,1,82.0,4.07,-2.95,False,-2.95
2026-08-31,002081,1,82.0,6.16,-7.63,False,-7.63
2026-08-31,603893,1,82.0,194.59,4.63,False,4.63
2026-08-31,603989,1,82.0,31.46,-5.12,False,-5.12
2026-09-01,000019,1,82.0,7.92,-9.34,False,-9.34
2026-09-01,000536,1,82.0,3.96,-5.05,False,-5.05
2026-09-01,000721,1,82.0,7.59,-3.82,False,-3.82
2026-09-01,002041,1,82.0,11.88,-8.5,False,-8.5
2026-09-01,300927,1,82.0,34.92,-8.16,False,-8.16
2026-09-02,603216,1,74.5,24.09,-3.78,False,-3.78
2026-09-02,603375,1,74.5,43.33,0.85,False,0.85
2026-09-02,601606,1,74.5,36.62,-5.27,False,-5.27
2026-09-02,002536,1,74.5,58.07,8.54,False,8.54
2026-09-02,603701,1,74.5,21.23,-2.59,False,-2.59
2026-09-03,603538,1,74.5,28.49,-4.11,False,-4.11
2026-09-03,603162,1,74.5,13.31,9.99,True,9.99
2026-09-03,603150,1,74.5,62.15,7.02,False,7.02
2026-09-03,600185,1,74.5,5.28,3.79,False,3.79
2026-09-03,301489,1,74.5,140.4,-6.7,False,-6.7
2026-09-04,000876,1,74.5,7.7,1.56,False,1.56
2026-09-04,002124,1,74.5,2.42,4.96,False,4.96
2026-09-04,002856,1,74.5,20.35,6.63,True,6.63
2026-09-04,600302,1,74.5,6.93,-0.58,False,-0.58
2026-09-04,603390,1,74.5,11.11,1.71,False,1.71
2026-09-07,002281,1,84.5,184.47,-2.47,False,-2.47
2026-09-07,001267,1,84.5,38.71,-3.1,False,-3.1
2026-09-07,001296,1,84.5,22.0,-2.82,False,-2.82
2026-09-07,002463,1,84.5,122.65,1.83,False,1.83
2026-09-07,002957,1,84.5,40.92,1.0,False,1.0
2026-09-08,000523,1,79.5,3.96,10.1,True,10.1
2026-09-08,000912,1,79.5,4.73,9.94,True,9.94
2026-09-08,000930,1,79.5,5.83,9.95,True,9.95
2026-09-08,002383,1,79.5,7.81,0.64,False,0.64
2026-09-08,603938,1,79.5,44.43,6.03,False,6.03
2026-09-09,603186,1,74.5,212.06,2.8,False,2.8
2026-09-09,603328,1,74.5,12.1,-0.99,False,-0.99
2026-09-09,603308,1,74.5,46.3,-3.76,False,-3.76
2026-09-09,605198,1,74.5,77.0,-1.71,False,-1.71
2026-09-09,603650,1,74.5,65.22,-1.09,False,-1.09
2026-09-10,000532,1,74.5,12.43,-2.33,False,-2.33
2026-09-10,002174,1,74.5,13.64,-0.15,False,-0.15
2026-09-10,000823,1,74.5,18.7,10.0,True,10.0
2026-09-10,000722,1,74.5,14.74,3.19,False,3.19
2026-09-10,002856,1,74.5,23.43,8.24,True,8.24
2026-09-11,000636,1,74.5,55.99,5.2,False,5.2
2026-09-11,001232,1,74.5,182.48,8.33,False,8.33
2026-09-11,603439,1,74.5,12.54,9.97,True,9.97
2026-09-11,605011,1,74.5,19.03,6.67,False,6.67
2026-09-11,605058,1,74.4,33.31,10.0,True,10.0
2026-09-14,000962,1,79.5,54.55,4.86,False,4.86
2026-09-14,002669,1,79.5,13.75,4.51,False,4.51
2026-09-14,002897,1,79.5,71.39,5.04,False,5.04
2026-09-14,688244,1,79.5,16.44,3.22,False,3.22
2026-09-14,603400,1,79.5,54.67,0.0,False,0.0
2026-09-15,002531,1,69.5,7.81,0.13,False,0.13
2026-09-15,605162,1,69.5,11.55,-3.98,False,-3.98
2026-09-15,003026,1,69.5,30.58,10.01,True,10.01
2026-09-15,603186,1,69.5,251.57,0.96,False,0.96
2026-09-15,603200,1,69.5,39.81,1.78,False,1.78
2026-09-16,000753,1,82.0,5.5,-6.0,False,-6.0
2026-09-16,002396,1,82.0,38.83,-1.62,False,-1.62
2026-09-16,002281,1,82.0,185.21,3.24,False,3.24
2026-09-16,001378,1,82.0,22.55,1.42,False,1.42
2026-09-16,003031,1,82.0,137.72,-0.23,False,-0.23
2026-09-17,001365,1,74.5,37.51,2.16,False,2.16
2026-09-17,301390,1,74.5,45.0,20.0,True,20.0
2026-09-17,600929,1,74.5,5.94,2.69,False,2.69
2026-09-17,603838,1,74.5,13.53,1.92,False,1.92
2026-09-17,002796,1,74.4,32.54,-2.37,False,-2.37
