date,code,name,boards,score,prob,rating,buy_price,next_date,next_close,next_pct,is_limit_up,is_limit_down,ret
2026-08-31,600540,新赛股份,3,88.0,0.7104,A+ 强预期,5.56,2026-09-01,6.12,10.07,True,False,10.07
2026-08-31,000712,锦龙股份,4,77.5,0.6875,A+ 强预期,12.98,2026-09-01,13.5,4.01,False,False,4.01
2026-08-31,603269,海鸥股份,3,76.5,0.6552,A+ 强预期,24.4,2026-09-01,25.34,3.85,False,False,3.85
2026-08-31,002886,沃特股份,3,72.0,0.6336,A+ 强预期,29.04,2026-09-01,28.04,-3.44,False,False,-3.44
2026-08-31,002396,星网锐捷,3,71.5,0.6312,A+ 强预期,40.36,2026-09-01,39.75,-1.51,False,False,-1.51
2026-09-01,600540,新赛股份,4,93.5,0.7675,A+ 强预期,6.12,2026-09-02,6.73,9.97,True,False,9.97
2026-09-01,003005,竞业达,3,90.5,0.7224,A+ 强预期,18.18,2026-09-02,20.0,10.01,True,False,10.01
2026-09-01,601086,国芳集团,3,87.5,0.708,A+ 强预期,10.09,2026-09-02,11.1,10.01,True,False,10.01
2026-09-01,002679,福建金森,3,85.0,0.696,A+ 强预期,12.91,2026-09-02,12.24,-5.19,False,False,-5.19
2026-09-01,600551,时代出版,3,76.0,0.6528,A+ 强预期,9.08,2026-09-02,8.62,-5.07,False,False,-5.07
2026-09-02,003005,竞业达,4,88.5,0.7425,A+ 强预期,20.0,2026-09-03,20.53,2.65,False,False,2.65
2026-09-02,601086,国芳集团,4,86.0,0.73,A+ 强预期,11.1,2026-09-03,12.21,10.0,True,False,10.0
2026-09-02,600892,大晟文化,3,84.5,0.6936,A+ 强预期,5.35,2026-09-03,5.45,1.87,False,False,1.87
2026-09-02,002909,集泰股份,3,84.0,0.6912,A+ 强预期,7.28,2026-09-03,8.01,10.03,True,False,10.03
2026-09-02,000892,欢瑞世纪,3,83.5,0.6888,A+ 强预期,5.2,2026-09-03,5.08,-2.31,False,False,-2.31
2026-09-03,002909,集泰股份,4,79.5,0.6975,A+ 强预期,8.01,2026-09-04,7.21,-9.99,False,True,-9.99
2026-09-03,605577,龙版传媒,4,73.5,0.6675,A+ 强预期,14.14,2026-09-04,15.55,9.97,True,False,9.97
2026-09-03,603270,金帝股份,2,81.5,0.467,A+ 强预期,34.95,2026-09-04,33.37,-4.52,False,False,-4.52
2026-09-03,002059,云南旅游,2,78.0,0.4554,A+ 强预期,5.78,2026-09-04,5.67,-1.9,False,False,-1.9
2026-09-03,002300,太阳电缆,2,77.0,0.4521,A+ 强预期,8.39,2026-09-04,8.03,-4.29,False,False,-4.29
2026-09-04,605398,新炬网络,2,77.5,0.4538,A+ 强预期,26.66,2026-09-07,27.99,4.99,False,False,4.99
2026-09-04,605580,恒盛能源,2,76.5,0.4505,A+ 强预期,22.47,2026-09-07,24.41,8.63,False,False,8.63
2026-09-04,002403,爱仕达,2,76.0,0.4488,A+ 强预期,11.28,2026-09-07,12.41,10.02,True,False,10.02
2026-09-04,600108,亚盛集团,2,75.0,0.4455,A+ 强预期,4.36,2026-09-07,4.8,10.09,True,False,10.09
2026-09-04,605577,龙版传媒,5,76.5,0.2184,B,15.55,2026-09-07,17.11,10.03,True,False,10.03
2026-09-07,600865,百大集团,3,91.0,0.7248,A+ 强预期,12.49,2026-09-08,13.74,10.01,True,False,10.01
2026-09-07,600108,亚盛集团,3,89.0,0.7152,A+ 强预期,4.8,2026-09-08,5.28,10.0,True,False,10.0
2026-09-07,002403,爱仕达,3,83.0,0.6864,A+ 强预期,12.41,2026-09-08,13.65,9.99,True,False,9.99
2026-09-07,002702,海欣食品,2,87.5,0.4868,A+ 强预期,6.17,2026-09-08,6.79,10.05,True,False,10.05
2026-09-07,001366,播恩集团,2,86.5,0.4834,A+ 强预期,15.8,2026-09-08,16.38,3.67,False,False,3.67
2026-09-08,600865,百大集团,4,91.0,0.755,A+ 强预期,13.74,2026-09-09,15.11,9.97,True,False,9.97
2026-09-08,600108,亚盛集团,4,88.5,0.7425,A+ 强预期,5.28,2026-09-09,5.71,8.14,False,False,8.14
2026-09-08,002403,爱仕达,4,84.0,0.72,A+ 强预期,13.65,2026-09-09,12.41,-9.08,False,False,-9.08
2026-09-08,600354,敦煌种业,3,84.0,0.6912,A+ 强预期,10.48,2026-09-09,10.98,4.77,False,False,4.77
2026-09-08,601949,中国出版,3,83.5,0.6888,A+ 强预期,7.05,2026-09-09,6.68,-5.25,False,False,-5.25
2026-09-09,603042,华脉科技,3,82.0,0.6816,A+ 强预期,18.67,2026-09-10,16.8,-10.02,False,True,-10.02
2026-09-09,000759,中百集团,3,81.5,0.6792,A+ 强预期,8.47,2026-09-10,8.69,2.6,False,False,2.6
2026-09-09,002470,金正大,3,80.5,0.6744,A+ 强预期,2.78,2026-09-10,2.51,-9.71,False,False,-9.71
2026-09-09,002790,瑞尔特,2,81.5,0.467,A+ 强预期,7.69,2026-09-10,8.46,10.01,True,False,10.01
2026-09-09,002295,精艺股份,2,79.5,0.4604,A+ 强预期,11.58,2026-09-10,12.32,6.39,False,False,6.39
2026-09-10,000978,桂林旅游,4,79.5,0.6975,A+ 强预期,9.69,2026-09-11,9.87,1.86,False,False,1.86
2026-09-10,002790,瑞尔特,3,82.0,0.6816,A+ 强预期,8.46,2026-09-11,9.31,10.05,True,False,10.05
2026-09-10,600792,云煤能源,3,73.5,0.6408,A+ 强预期,5.41,2026-09-11,5.15,-4.81,False,False,-4.81
2026-09-10,000993,闽东电力,2,80.5,0.4637,A+ 强预期,12.62,2026-09-11,13.88,9.98,True,False,9.98
2026-09-10,002377,国创高新,2,76.5,0.4505,A+ 强预期,3.47,2026-09-11,3.17,-8.65,False,False,-8.65
2026-09-11,002790,瑞尔特,4,84.0,0.72,A+ 强预期,9.31,2026-09-14,8.38,-9.99,False,True,-9.99
2026-09-11,000993,闽东电力,3,80.5,0.6744,A+ 强预期,13.88,2026-09-14,15.27,10.01,True,False,10.01
2026-09-11,603421,鼎信通讯,3,72.0,0.6336,A+ 强预期,8.02,2026-09-14,7.5,-6.48,False,False,-6.48
2026-09-11,002912,中新赛克,2,78.0,0.4554,A+ 强预期,23.51,2026-09-14,25.86,10.0,True,False,10.0
2026-09-11,600876,凯盛新能,2,75.0,0.4455,A+ 强预期,8.7,2026-09-14,9.57,10.0,True,False,10.0
2026-09-14,000993,闽东电力,4,81.5,0.7075,A+ 强预期,15.27,2026-09-15,16.8,10.02,True,False,10.02
2026-09-14,000823,超声电子,3,85.0,0.696,A+ 强预期,22.63,2026-09-15,23.9,5.61,False,False,5.61
2026-09-14,002912,中新赛克,3,83.5,0.6888,A+ 强预期,25.86,2026-09-15,28.45,10.02,True,False,10.02
2026-09-14,605069,正和生态,2,81.0,0.4653,A+ 强预期,12.65,2026-09-15,12.36,-2.29,False,False,-2.29
2026-09-14,002560,通达股份,2,81.0,0.4653,A+ 强预期,7.57,2026-09-15,7.72,1.98,False,False,1.98
2026-09-15,002912,中新赛克,4,73.5,0.6675,A+ 强预期,28.45,2026-09-16,25.61,-9.98,False,True,-9.98
2026-09-15,002585,双星新材,3,75.5,0.6504,A+ 强预期,12.06,2026-09-16,12.17,0.91,False,False,0.91
2026-09-15,605058,澳弘电子,3,70.0,0.624,A+ 强预期,40.3,2026-09-16,44.33,10.0,True,False,10.0
2026-09-15,002232,启明信息,2,76.5,0.4505,A+ 强预期,16.81,2026-09-16,15.95,-5.12,False,False,-5.12
2026-09-15,688004,博汇科技,2,74.5,0.4439,A+ 强预期,27.38,2026-09-16,32.86,20.01,True,False,20.01
2026-09-16,605058,澳弘电子,4,85.0,0.725,A+ 强预期,44.33,2026-09-17,48.76,9.99,True,False,9.99
2026-09-16,688004,博汇科技,3,73.5,0.6408,A+ 强预期,32.86,2026-09-17,37.1,12.9,True,False,12.9
2026-09-16,001216,华瓷股份,2,86.5,0.4834,A+ 强预期,18.07,2026-09-17,19.88,10.02,True,False,10.02
2026-09-16,002846,英联股份,2,83.5,0.4736,A+ 强预期,12.75,2026-09-17,11.97,-6.12,False,False,-6.12
2026-09-16,003026,中晶科技,2,83.0,0.4719,A+ 强预期,33.64,2026-09-17,37.0,9.99,True,False,9.99
2026-09-17,003026,中晶科技,3,78.0,0.6624,A+ 强预期,37.0,2026-09-18,37.2,0.54,False,False,0.54
2026-09-17,001216,华瓷股份,3,77.0,0.6576,A+ 强预期,19.88,2026-09-18,21.87,10.01,True,False,10.01
2026-09-17,603248,锡华科技,3,72.5,0.636,A+ 强预期,22.34,2026-09-18,24.57,9.98,True,False,9.98
2026-09-17,603230,内蒙新华,2,80.0,0.462,A+ 强预期,12.25,2026-09-18,13.48,10.04,True,False,10.04
2026-09-17,002655,共达电声,2,72.5,0.4373,A+ 强预期,40.77,2026-09-18,40.9,0.32,False,False,0.32
2026-09-18,001216,华瓷股份,4,86.5,0.7325,A+ 强预期,21.87,,,,False,False,
2026-09-18,603248,锡华科技,4,85.0,0.725,A+ 强预期,24.57,,,,False,False,
2026-09-18,002285,世联行,3,79.5,0.6696,A+ 强预期,2.89,,,,False,False,
2026-09-18,603230,内蒙新华,3,77.0,0.6576,A+ 强预期,13.48,,,,False,False,
2026-09-18,600448,华纺股份,2,83.5,0.4736,A+ 强预期,3.54,,,,False,False,
