date,code,boards,score,buy_price,next_pct,is_limit_up,ret,reason
2025-06-10,605099,6,96.9,44.2,0.97,False,0.97,6板高位龙头，身位优势极大；近10日涨停5次，资金反复攻击的强势股；5日涨幅58%，主升节奏；主板10cm涨停
2025-06-11,002826,6,94.9,21.57,10.01,True,10.01,6板高位龙头，身位优势极大；近10日涨停5次，资金反复攻击的强势股；5日涨幅61%，主升节奏；主板10cm涨停
2025-06-12,002826,7,97.9,23.73,-5.39,False,-5.39,7板高位龙头，身位优势极大；近10日涨停6次，资金反复攻击的强势股；5日涨幅61%，主升节奏；主板10cm涨停
2025-06-20,002490,6,96.7,7.02,9.97,True,9.97,6板高位龙头，身位优势极大；近10日涨停5次，资金反复攻击的强势股；5日涨幅61%，主升节奏；主板10cm涨停
2025-06-23,002490,7,94.7,7.72,-9.97,False,-9.97,7板高位龙头，身位优势极大；近10日涨停6次，资金反复攻击的强势股；5日涨幅61%，主升节奏；主板10cm涨停
2025-06-24,600110,6,97.5,6.24,9.94,True,9.94,6板高位龙头，身位优势极大；近10日涨停5次，资金反复攻击的强势股；5日涨幅62%，主升节奏；主板10cm涨停
2025-06-25,600110,7,94.4,6.86,4.96,False,4.96,7板高位龙头，身位优势极大；近10日涨停6次，资金反复攻击的强势股；5日涨幅61%，主升节奏；主板10cm涨停
2025-06-30,000026,6,95.9,15.82,4.36,False,4.36,6板高位龙头，身位优势极大；近10日涨停5次，资金反复攻击的强势股；5日涨幅21%，趋势向上；主板10cm涨停
2025-07-03,603316,6,96.8,11.97,-2.92,False,-2.92,6板高位龙头，身位优势极大；近10日涨停5次，资金反复攻击的强势股；5日涨幅61%，主升节奏；主板10cm涨停
2025-07-10,605500,6,97.8,13.28,-9.64,False,-9.64,6板高位龙头，身位优势极大；近10日涨停5次，资金反复攻击的强势股；5日涨幅61%，主升节奏；主板10cm涨停
2025-07-16,688585,6,96.8,23.24,20.01,True,20.01,6板高位龙头，身位优势极大；近10日涨停5次，资金反复攻击的强势股；5日涨幅149%，主升节奏；20cm大板涨停，弹性大
2025-07-17,688585,7,96.9,27.89,20.01,True,20.01,7板高位龙头，身位优势极大；近10日涨停6次，资金反复攻击的强势股；5日涨幅149%，主升节奏；20cm大板涨停，弹性大
2025-07-18,688585,8,96.9,33.47,19.99,True,19.99,8板高位龙头，身位优势极大；近10日涨停7次，资金反复攻击的强势股；5日涨幅149%，主升节奏；20cm大板涨停，弹性大
2025-07-21,688585,9,99.9,40.16,20.0,True,20.0,9板高位龙头，身位优势极大；近10日涨停8次，资金反复攻击的强势股；5日涨幅149%，主升节奏；20cm大板涨停，弹性大
2025-07-22,688585,10,99.0,48.19,19.73,False,19.73,10板高位龙头，身位优势极大；近10日涨停9次，资金反复攻击的强势股；5日涨幅149%，主升节奏；20cm大板涨停，弹性大
2025-07-28,600749,6,96.8,21.19,10.0,True,10.0,6板高位龙头，身位优势极大；近10日涨停5次，资金反复攻击的强势股；5日涨幅61%，主升节奏；主板10cm涨停
2025-07-29,600749,7,95.0,23.31,10.0,True,10.0,7板高位龙头，身位优势极大；近10日涨停6次，资金反复攻击的强势股；5日涨幅61%，主升节奏；主板10cm涨停
2025-07-30,600749,8,94.0,25.64,9.98,True,9.98,8板高位龙头，身位优势极大；近10日涨停7次，资金反复攻击的强势股；5日涨幅61%，主升节奏；主板10cm涨停
2025-07-31,600749,9,91.8,28.2,0.0,False,0.0,9板高位龙头，身位优势极大；近10日涨停8次，资金反复攻击的强势股；5日涨幅61%，主升节奏；主板10cm涨停
2025-08-18,603757,6,95.9,51.85,-9.99,False,-9.99,6板高位龙头，身位优势极大；近10日涨停5次，资金反复攻击的强势股；5日涨幅61%，主升节奏；主板10cm涨停
2025-08-22,603626,6,97.8,15.26,4.26,False,4.26,6板高位龙头，身位优势极大；近10日涨停5次，资金反复攻击的强势股；5日涨幅61%，主升节奏；主板10cm涨停
2025-08-25,605303,6,95.8,22.04,9.98,True,9.98,6板高位龙头，身位优势极大；近10日涨停5次，资金反复攻击的强势股；5日涨幅61%，主升节奏；主板10cm涨停
2025-08-26,605303,7,95.8,24.24,-9.98,False,-9.98,7板高位龙头，身位优势极大；近10日涨停6次，资金反复攻击的强势股；5日涨幅61%，主升节奏；主板10cm涨停
2025-08-29,605255,6,98.0,47.19,10.0,True,10.0,6板高位龙头，身位优势极大；近10日涨停5次，资金反复攻击的强势股；5日涨幅61%，主升节奏；主板10cm涨停
2025-09-01,605255,7,100.0,51.91,10.0,True,10.0,7板高位龙头，身位优势极大；近10日涨停6次，资金反复攻击的强势股；5日涨幅61%，主升节奏；主板10cm涨停
2025-09-02,605255,8,94.0,57.1,10.0,True,10.0,8板高位龙头，身位优势极大；近10日涨停7次，资金反复攻击的强势股；5日涨幅61%，主升节奏；主板10cm涨停
2025-09-03,605255,9,95.0,62.81,0.0,False,0.0,9板高位龙头，身位优势极大；近10日涨停8次，资金反复攻击的强势股；5日涨幅61%，主升节奏；主板10cm涨停
2025-09-10,600376,6,95.8,4.68,7.05,False,7.05,6板高位龙头，身位优势极大；近10日涨停5次，资金反复攻击的强势股；5日涨幅61%，主升节奏；主板10cm涨停
2025-09-23,603618,6,93.8,12.23,-9.98,False,-9.98,6板高位龙头，身位优势极大；近10日涨停5次，资金反复攻击的强势股；5日涨幅61%，主升节奏；主板10cm涨停
2025-09-29,002513,6,96.9,9.45,10.05,True,10.05,6板高位龙头，身位优势极大；近10日涨停5次，资金反复攻击的强势股；5日涨幅61%，主升节奏；主板10cm涨停
2025-09-30,002513,7,96.5,10.4,-10.0,False,-10.0,7板高位龙头，身位优势极大；近10日涨停6次，资金反复攻击的强势股；5日涨幅61%，主升节奏；主板10cm涨停
2025-10-13,000969,6,91.9,18.05,10.03,True,10.03,6板高位龙头，身位优势极大；近10日涨停5次，资金反复攻击的强势股；5日涨幅21%，趋势向上；主板10cm涨停
2025-10-14,000969,7,93.2,19.86,0.55,False,0.55,7板高位龙头，身位优势极大；近10日涨停6次，资金反复攻击的强势股；5日涨幅33%，主升节奏；主板10cm涨停
2025-10-15,002713,7,83.0,7.28,4.95,True,4.95,7板高位龙头，身位优势极大；近10日涨停6次，资金反复攻击的强势股；5日涨幅28%，趋势向上；主板10cm涨停
2025-10-21,600403,6,98.4,7.99,10.01,True,10.01,6板高位龙头，身位优势极大；近10日涨停6次，资金反复攻击的强势股；5日涨幅61%，主升节奏；主板10cm涨停
2025-10-22,600403,7,97.9,8.79,10.01,True,10.01,7板高位龙头，身位优势极大；近10日涨停7次，资金反复攻击的强势股；5日涨幅61%，主升节奏；主板10cm涨停
2025-10-23,600403,8,97.9,9.67,-6.31,False,-6.31,8板高位龙头，身位优势极大；近10日涨停8次，资金反复攻击的强势股；5日涨幅61%，主升节奏；主板10cm涨停
2025-10-28,000620,6,98.0,3.19,-4.7,False,-4.7,6板高位龙头，身位优势极大；近10日涨停5次，资金反复攻击的强势股；5日涨幅61%，主升节奏；主板10cm涨停
2025-10-30,605178,6,94.0,63.48,10.0,True,10.0,6板高位龙头，身位优势极大；近10日涨停5次，资金反复攻击的强势股；5日涨幅61%，主升节奏；主板10cm涨停
2025-10-31,605178,7,98.0,69.83,-8.56,False,-8.56,7板高位龙头，身位优势极大；近10日涨停6次，资金反复攻击的强势股；5日涨幅61%，主升节奏；主板10cm涨停
2025-11-04,603122,6,96.7,11.85,10.04,True,10.04,6板高位龙头，身位优势极大；近10日涨停5次，资金反复攻击的强势股；5日涨幅61%，主升节奏；主板10cm涨停
2025-11-05,603122,7,97.6,13.04,9.97,True,9.97,7板高位龙头，身位优势极大；近10日涨停6次，资金反复攻击的强势股；5日涨幅61%，主升节奏；主板10cm涨停
2025-11-06,603122,8,94.7,14.34,9.97,True,9.97,8板高位龙头，身位优势极大；近10日涨停7次，资金反复攻击的强势股；5日涨幅61%，主升节奏；主板10cm涨停
2025-11-07,603122,9,93.7,15.77,5.26,False,5.26,9板高位龙头，身位优势极大；近10日涨停8次，资金反复攻击的强势股；5日涨幅61%，主升节奏；主板10cm涨停
2025-11-11,002451,6,94.9,12.55,10.04,True,10.04,6板高位龙头，身位优势极大；近10日涨停5次，资金反复攻击的强势股；5日涨幅61%，主升节奏；主板10cm涨停
2025-11-12,002451,7,97.6,13.81,9.99,True,9.99,7板高位龙头，身位优势极大；近10日涨停6次，资金反复攻击的强势股；5日涨幅61%，主升节奏；主板10cm涨停
2025-11-13,002083,6,98.5,10.51,9.99,True,9.99,6板高位龙头，身位优势极大；近10日涨停5次，资金反复攻击的强势股；5日涨幅61%，主升节奏；主板10cm涨停
2025-11-17,002083,8,98.7,12.72,-2.04,False,-2.04,8板高位龙头，身位优势极大；近10日涨停7次，资金反复攻击的强势股；5日涨幅61%，主升节奏；主板10cm涨停
2025-11-18,000407,6,96.8,6.7,-10.0,False,-10.0,6板高位龙头，身位优势极大；近10日涨停5次，资金反复攻击的强势股；5日涨幅61%，主升节奏；主板10cm涨停
2025-11-19,003041,6,93.9,54.59,0.62,False,0.62,6板高位龙头，身位优势极大；近10日涨停5次，资金反复攻击的强势股；5日涨幅61%，主升节奏；主板10cm涨停
2025-11-20,601566,7,91.8,18.41,-9.99,False,-9.99,7板高位龙头，身位优势极大；近10日涨停6次，资金反复攻击的强势股；5日涨幅61%，主升节奏；主板10cm涨停
2025-11-21,000017,6,91.9,9.23,-9.97,False,-9.97,6板高位龙头，身位优势极大；近10日涨停5次，资金反复攻击的强势股；5日涨幅21%，趋势向上；主板10cm涨停
2025-11-24,000798,7,97.9,16.6,-10.0,False,-10.0,7板高位龙头，身位优势极大；近10日涨停6次，资金反复攻击的强势股；5日涨幅61%，主升节奏；主板10cm涨停
2025-11-25,000070,6,96.0,12.65,10.04,True,10.04,6板高位龙头，身位优势极大；近10日涨停5次，资金反复攻击的强势股；5日涨幅21%，趋势向上；主板10cm涨停
2025-11-26,000070,7,96.1,13.92,3.74,False,3.74,7板高位龙头，身位优势极大；近10日涨停6次，资金反复攻击的强势股；5日涨幅33%，主升节奏；主板10cm涨停
2025-11-27,000952,7,95.2,10.42,-9.98,False,-9.98,7板高位龙头，身位优势极大；近10日涨停6次，资金反复攻击的强势股；5日涨幅33%，主升节奏；主板10cm涨停
2025-11-28,000078,6,94.7,3.4,10.0,True,10.0,6板高位龙头，身位优势极大；近10日涨停5次，资金反复攻击的强势股；5日涨幅21%，趋势向上；主板10cm涨停
2025-12-01,000078,7,96.5,3.74,9.89,True,9.89,7板高位龙头，身位优势极大；近10日涨停6次，资金反复攻击的强势股；5日涨幅33%，主升节奏；主板10cm涨停
2025-12-02,003018,7,96.9,24.83,-9.99,False,-9.99,7板高位龙头，身位优势极大；近10日涨停6次，资金反复攻击的强势股；5日涨幅61%，主升节奏；主板10cm涨停
2025-12-03,002702,6,96.5,9.64,-9.96,False,-9.96,6板高位龙头，身位优势极大；近10日涨停5次，资金反复攻击的强势股；5日涨幅61%，主升节奏；主板10cm涨停
2025-12-09,000905,6,94.0,14.52,9.99,True,9.99,6板高位龙头，身位优势极大；近10日涨停5次，资金反复攻击的强势股；5日涨幅21%，趋势向上；主板10cm涨停
2025-12-10,002682,6,93.6,10.49,-6.01,False,-6.01,6板高位龙头，身位优势极大；近10日涨停5次，资金反复攻击的强势股；5日涨幅61%，主升节奏；主板10cm涨停
2025-12-15,603601,6,93.6,9.27,0.65,False,0.65,6板高位龙头，身位优势极大；近10日涨停5次，资金反复攻击的强势股；5日涨幅61%，主升节奏；主板10cm涨停
2025-12-18,600865,6,93.9,17.4,3.51,False,3.51,6板高位龙头，身位优势极大；近10日涨停5次，资金反复攻击的强势股；5日涨幅61%，主升节奏；主板10cm涨停
2025-12-19,001331,6,97.8,26.14,9.98,True,9.98,6板高位龙头，身位优势极大；近10日涨停5次，资金反复攻击的强势股；5日涨幅61%，主升节奏；主板10cm涨停
2025-12-22,001331,7,95.8,28.75,10.02,True,10.02,7板高位龙头，身位优势极大；近10日涨停6次，资金反复攻击的强势股；5日涨幅61%，主升节奏；主板10cm涨停
2025-12-23,001331,8,96.8,31.63,9.99,True,9.99,8板高位龙头，身位优势极大；近10日涨停7次，资金反复攻击的强势股；5日涨幅61%，主升节奏；主板10cm涨停
2025-12-24,002969,6,97.3,8.09,10.01,True,10.01,6板高位龙头，身位优势极大；近10日涨停5次，资金反复攻击的强势股；5日涨幅61%，主升节奏；主板10cm涨停
2025-12-25,001331,10,99.0,38.27,10.01,True,10.01,10板高位龙头，身位优势极大；近10日涨停9次，资金反复攻击的强势股；5日涨幅61%，主升节奏；主板10cm涨停
2025-12-26,002969,8,99.0,9.79,10.01,True,10.01,8板高位龙头，身位优势极大；近10日涨停7次，资金反复攻击的强势股；5日涨幅61%，主升节奏；主板10cm涨停
2025-12-29,001331,12,99.0,46.31,0.0,False,0.0,12板高位龙头，身位优势极大；近10日涨停10次，资金反复攻击的强势股；5日涨幅61%，主升节奏；主板10cm涨停
2025-12-30,002969,10,96.7,11.85,6.84,False,6.84,10板高位龙头，身位优势极大；近10日涨停9次，资金反复攻击的强势股；5日涨幅61%，主升节奏；主板10cm涨停
2025-12-31,603278,6,96.9,17.04,-5.52,False,-5.52,6板高位龙头，身位优势极大；近10日涨停5次，资金反复攻击的强势股；5日涨幅61%，主升节奏；主板10cm涨停
2026-01-05,002931,6,100.0,34.87,10.01,True,10.01,6板高位龙头，身位优势极大；近10日涨停5次，资金反复攻击的强势股；5日涨幅61%，主升节奏；主板10cm涨停
2026-01-06,002931,7,99.9,38.36,10.01,True,10.01,7板高位龙头，身位优势极大；近10日涨停6次，资金反复攻击的强势股；5日涨幅61%，主升节奏；主板10cm涨停
2026-01-07,002413,6,98.9,16.71,5.86,False,5.86,6板高位龙头，身位优势极大；近10日涨停5次，资金反复攻击的强势股；5日涨幅61%，主升节奏；主板10cm涨停
2026-01-08,002931,9,100.0,46.42,10.0,True,10.0,9板高位龙头，身位优势极大；近10日涨停8次，资金反复攻击的强势股；5日涨幅61%，主升节奏；主板10cm涨停
2026-01-09,002931,10,97.0,51.06,10.01,True,10.01,10板高位龙头，身位优势极大；近10日涨停9次，资金反复攻击的强势股；5日涨幅61%，主升节奏；主板10cm涨停
2026-01-12,002931,11,99.9,56.17,10.01,True,10.01,11板高位龙头，身位优势极大；近10日涨停10次，资金反复攻击的强势股；5日涨幅61%，主升节奏；主板10cm涨停
2026-01-13,002931,12,97.9,61.79,0.0,False,0.0,12板高位龙头，身位优势极大；近10日涨停10次，资金反复攻击的强势股；5日涨幅61%，主升节奏；主板10cm涨停
2026-01-27,601212,6,93.9,12.55,10.04,True,10.04,6板高位龙头，身位优势极大；近10日涨停5次，资金反复攻击的强势股；5日涨幅61%，主升节奏；主板10cm涨停
2026-01-28,601212,7,98.6,13.81,9.99,True,9.99,7板高位龙头，身位优势极大；近10日涨停6次，资金反复攻击的强势股；5日涨幅61%，主升节奏；主板10cm涨停
2026-01-29,601212,8,95.9,15.19,-10.01,False,-10.01,8板高位龙头，身位优势极大；近10日涨停7次，资金反复攻击的强势股；5日涨幅61%，主升节奏；主板10cm涨停
2026-02-12,000070,6,91.8,19.5,-10.0,False,-10.0,6板高位龙头，身位优势极大；近10日涨停5次，资金反复攻击的强势股；5日涨幅21%，趋势向上；主板10cm涨停
2026-02-26,001896,6,94.7,12.13,9.98,True,9.98,6板高位龙头，身位优势极大；近10日涨停5次，资金反复攻击的强势股；5日涨幅61%，主升节奏；主板10cm涨停
2026-02-27,001896,7,95.8,13.34,6.0,False,6.0,7板高位龙头，身位优势极大；近10日涨停6次，资金反复攻击的强势股；5日涨幅61%，主升节奏；主板10cm涨停
2026-03-19,000020,7,93.4,21.21,10.0,True,10.0,7板高位龙头，身位优势极大；近10日涨停6次，资金反复攻击的强势股；5日涨幅33%，主升节奏；主板10cm涨停
2026-03-23,600396,6,94.4,6.89,10.01,True,10.01,6板高位龙头，身位优势极大；近10日涨停5次，资金反复攻击的强势股；5日涨幅61%，主升节奏；主板10cm涨停
2026-03-24,600396,7,98.9,7.58,10.03,True,10.03,7板高位龙头，身位优势极大；近10日涨停6次，资金反复攻击的强势股；5日涨幅61%，主升节奏；主板10cm涨停
2026-03-25,600396,8,98.7,8.34,6.47,False,6.47,8板高位龙头，身位优势极大；近10日涨停7次，资金反复攻击的强势股；5日涨幅61%，主升节奏；主板10cm涨停
2026-04-03,600488,6,91.4,6.97,10.04,True,10.04,6板高位龙头，身位优势极大；近10日涨停5次，资金反复攻击的强势股；5日涨幅61%，主升节奏；主板10cm涨停
2026-04-07,600488,7,98.6,7.67,-4.04,False,-4.04,7板高位龙头，身位优势极大；近10日涨停6次，资金反复攻击的强势股；5日涨幅61%，主升节奏；主板10cm涨停
2026-04-14,600743,6,94.3,3.21,-9.97,False,-9.97,6板高位龙头，身位优势极大；近10日涨停5次，资金反复攻击的强势股；5日涨幅61%，主升节奏；主板10cm涨停
2026-04-16,002580,6,98.9,27.8,10.0,True,10.0,6板高位龙头，身位优势极大；近10日涨停5次，资金反复攻击的强势股；5日涨幅61%，主升节奏；主板10cm涨停
2026-04-17,002580,7,98.0,30.58,7.91,False,7.91,7板高位龙头，身位优势极大；近10日涨停6次，资金反复攻击的强势股；5日涨幅61%，主升节奏；主板10cm涨停
2026-04-20,002297,6,98.9,19.46,-2.42,False,-2.42,6板高位龙头，身位优势极大；近10日涨停5次，资金反复攻击的强势股；5日涨幅61%，主升节奏；主板10cm涨停
2026-04-27,000925,6,96.0,10.12,-3.56,False,-3.56,6板高位龙头，身位优势极大；近10日涨停5次，资金反复攻击的强势股；5日涨幅21%，趋势向上；主板10cm涨停
2026-05-07,000066,6,97.0,23.98,-3.71,False,-3.71,6板高位龙头，身位优势极大；近10日涨停5次，资金反复攻击的强势股；5日涨幅21%，趋势向上；主板10cm涨停
2026-05-13,601991,6,100.0,7.37,-2.31,False,-2.31,6板高位龙头，身位优势极大；近10日涨停5次，资金反复攻击的强势股；5日涨幅61%，主升节奏；主板10cm涨停
2026-05-15,002918,6,94.8,18.63,-9.98,False,-9.98,6板高位龙头，身位优势极大；近10日涨停5次，资金反复攻击的强势股；5日涨幅61%，主升节奏；主板10cm涨停
2026-05-18,001259,6,99.0,66.55,10.01,True,10.01,6板高位龙头，身位优势极大；近10日涨停5次，资金反复攻击的强势股；5日涨幅61%，主升节奏；主板10cm涨停
2026-05-19,001259,7,99.9,73.21,10.0,True,10.0,7板高位龙头，身位优势极大；近10日涨停6次，资金反复攻击的强势股；5日涨幅61%，主升节奏；主板10cm涨停
2026-05-20,603779,6,98.0,13.2,10.0,True,10.0,6板高位龙头，身位优势极大；近10日涨停5次，资金反复攻击的强势股；5日涨幅61%，主升节奏；主板10cm涨停
2026-05-21,603779,7,95.0,14.52,-9.99,False,-9.99,7板高位龙头，身位优势极大；近10日涨停6次，资金反复攻击的强势股；5日涨幅61%，主升节奏；主板10cm涨停
2026-06-02,600265,6,84.0,26.95,5.01,True,5.01,6板高位龙头，身位优势极大；近10日涨停5次，资金反复攻击的强势股；5日涨幅28%，趋势向上；主板10cm涨停
2026-06-03,600265,7,83.0,28.3,-1.77,False,-1.77,7板高位龙头，身位优势极大；近10日涨停6次，资金反复攻击的强势股；5日涨幅28%，趋势向上；主板10cm涨停
2026-06-08,600403,6,93.5,8.95,-9.94,False,-9.94,6板高位龙头，身位优势极大；近10日涨停5次，资金反复攻击的强势股；5日涨幅61%，主升节奏；主板10cm涨停
2026-06-11,000048,6,91.8,19.61,-3.57,False,-3.57,6板高位龙头，身位优势极大；近10日涨停5次，资金反复攻击的强势股；5日涨幅21%，趋势向上；主板10cm涨停
2026-06-15,000032,6,93.9,20.81,10.0,True,10.0,6板高位龙头，身位优势极大；近10日涨停5次，资金反复攻击的强势股；5日涨幅21%，趋势向上；主板10cm涨停
2026-06-16,000032,7,95.5,22.89,1.44,False,1.44,7板高位龙头，身位优势极大；近10日涨停6次，资金反复攻击的强势股；5日涨幅33%，主升节奏；主板10cm涨停
2026-06-26,002674,6,95.0,28.83,9.95,True,9.95,6板高位龙头，身位优势极大；近10日涨停5次，资金反复攻击的强势股；5日涨幅61%，主升节奏；主板10cm涨停
2026-06-29,002674,7,96.5,31.7,-10.0,False,-10.0,7板高位龙头，身位优势极大；近10日涨停6次，资金反复攻击的强势股；5日涨幅61%，主升节奏；主板10cm涨停
2026-07-06,000078,6,93.8,1.64,9.76,True,9.76,6板高位龙头，身位优势极大；近10日涨停5次，资金反复攻击的强势股；5日涨幅15%，趋势向上；主板10cm涨停
2026-07-08,000078,9,97.5,1.98,-6.06,False,-6.06,9板高位龙头，身位优势极大；近10日涨停8次，资金反复攻击的强势股；5日涨幅33%，主升节奏；主板10cm涨停
2026-07-09,603137,7,97.0,25.2,6.15,False,6.15,7板高位龙头，身位优势极大；近10日涨停6次，资金反复攻击的强势股；5日涨幅61%，主升节奏；主板10cm涨停
2026-07-23,001258,6,96.9,12.11,7.6,False,7.6,6板高位龙头，身位优势极大；近10日涨停5次，资金反复攻击的强势股；5日涨幅61%，主升节奏；主板10cm涨停
2026-07-28,603221,6,98.0,16.94,9.98,True,9.98,6板高位龙头，身位优势极大；近10日涨停5次，资金反复攻击的强势股；5日涨幅61%，主升节奏；主板10cm涨停
2026-07-29,603221,7,95.8,18.63,9.98,True,9.98,7板高位龙头，身位优势极大；近10日涨停6次，资金反复攻击的强势股；5日涨幅61%，主升节奏；主板10cm涨停
2026-07-30,603221,8,93.8,20.49,10.0,True,10.0,8板高位龙头，身位优势极大；近10日涨停7次，资金反复攻击的强势股；5日涨幅61%，主升节奏；主板10cm涨停
2026-07-31,603221,9,100.0,22.54,0.0,False,0.0,9板高位龙头，身位优势极大；近10日涨停8次，资金反复攻击的强势股；5日涨幅61%，主升节奏；主板10cm涨停
2026-08-03,003032,6,95.9,9.69,10.01,True,10.01,6板高位龙头，身位优势极大；近10日涨停5次，资金反复攻击的强势股；5日涨幅61%，主升节奏；主板10cm涨停
2026-08-04,003032,7,99.9,10.66,10.04,True,10.04,7板高位龙头，身位优势极大；近10日涨停6次，资金反复攻击的强势股；5日涨幅61%，主升节奏；主板10cm涨停
2026-08-05,003032,8,99.6,11.73,-6.65,False,-6.65,8板高位龙头，身位优势极大；近10日涨停7次，资金反复攻击的强势股；5日涨幅61%，主升节奏；主板10cm涨停
2026-08-11,600721,6,96.9,12.75,10.04,True,10.04,6板高位龙头，身位优势极大；近10日涨停5次，资金反复攻击的强势股；5日涨幅61%，主升节奏；主板10cm涨停
2026-08-12,600721,7,98.6,14.03,3.35,False,3.35,7板高位龙头，身位优势极大；近10日涨停6次，资金反复攻击的强势股；5日涨幅61%，主升节奏；主板10cm涨停
2026-08-13,000802,7,95.3,6.26,-5.43,False,-5.43,7板高位龙头，身位优势极大；近10日涨停6次，资金反复攻击的强势股；5日涨幅33%，主升节奏；主板10cm涨停
2026-08-24,000931,6,93.8,5.6,-6.79,False,-6.79,6板高位龙头，身位优势极大；近10日涨停5次，资金反复攻击的强势股；5日涨幅21%，趋势向上；主板10cm涨停
2026-08-25,000017,7,93.2,8.6,10.0,True,10.0,7板高位龙头，身位优势极大；近10日涨停6次，资金反复攻击的强势股；5日涨幅33%，主升节奏；主板10cm涨停
2026-08-26,000017,9,95.5,9.46,10.04,True,10.04,9板高位龙头，身位优势极大；近10日涨停8次，资金反复攻击的强势股；5日涨幅33%，主升节奏；主板10cm涨停
2026-08-27,000017,11,97.1,10.41,9.99,True,9.99,11板高位龙头，身位优势极大；近10日涨停10次，资金反复攻击的强势股；5日涨幅33%，主升节奏；主板10cm涨停
2026-08-28,000017,13,94.4,11.45,-2.1,False,-2.1,13板高位龙头，身位优势极大；近10日涨停10次，资金反复攻击的强势股；5日涨幅33%，主升节奏；主板10cm涨停
2026-08-31,002084,6,99.0,6.38,10.03,True,10.03,6板高位龙头，身位优势极大；近10日涨停5次，资金反复攻击的强势股；5日涨幅62%，主升节奏；主板10cm涨停
2026-09-01,002855,6,99.0,17.71,7.34,False,7.34,6板高位龙头，身位优势极大；近10日涨停5次，资金反复攻击的强势股；5日涨幅61%，主升节奏；主板10cm涨停
2026-09-07,605577,6,98.7,17.11,9.12,False,9.12,6板高位龙头，身位优势极大；近10日涨停5次，资金反复攻击的强势股；5日涨幅61%，主升节奏；主板10cm涨停
2026-09-09,000978,6,90.9,8.81,9.99,True,9.99,6板高位龙头，身位优势极大；近10日涨停5次，资金反复攻击的强势股；5日涨幅21%，趋势向上；主板10cm涨停
2026-09-10,000978,7,92.4,9.69,1.86,False,1.86,7板高位龙头，身位优势极大；近10日涨停6次，资金反复攻击的强势股；5日涨幅33%，主升节奏；主板10cm涨停
2026-09-11,000993,6,88.8,13.88,10.01,True,10.01,6板高位龙头，身位优势极大；近10日涨停5次，资金反复攻击的强势股；5日涨幅21%，趋势向上；主板10cm涨停
2026-09-14,000993,7,96.4,15.27,10.02,True,10.02,7板高位龙头，身位优势极大；近10日涨停6次，资金反复攻击的强势股；5日涨幅33%，主升节奏；主板10cm涨停
2026-09-15,000993,9,93.3,16.8,10.0,True,10.0,9板高位龙头，身位优势极大；近10日涨停8次，资金反复攻击的强势股；5日涨幅33%，主升节奏；主板10cm涨停
2026-09-16,000993,11,97.5,18.48,-2.76,False,-2.76,11板高位龙头，身位优势极大；近10日涨停10次，资金反复攻击的强势股；5日涨幅33%，主升节奏；主板10cm涨停
